Movie Name,Link
Venom: The Last Dance,/movie/912649-venom-the-last-dance
Moana 2,/movie/1241982-moana-2
Elevation,/movie/1035048-elevation
Sidelined: The QB and Me,/movie/957119-sidelined-the-qb-and-me
Absolution,/movie/974453-absolution
Armor,/movie/1182387-armor
Watchmen: Chapter II,/movie/1299652-watchmen-chapter-ii
Gladiator II,/movie/558449-gladiator-ii
The Wild Robot,/movie/1184918-the-wild-robot
Wicked,/movie/402431-wicked
Inside Out 2,/movie/1022789-inside-out-2
Terrifier 3,/movie/1034541-terrifier-3
Smile 2,/movie/1100782-smile-2
Deadpool & Wolverine,/movie/533535-deadpool-wolverine
अपॉकलिप्स Z: द बिगनिंग ऑफ़ द एन्ड,/movie/1118031-apocalipsis-z-el-principio-del-fin
Red One,/movie/845781-red-one
The Substance,/movie/933260-the-substance
Alien: Romulus,/movie/945961-alien-romulus
GTMAX,/movie/1171640-gtmax
"Miraculous World, London: At the Edge of Time",/movie/1147416-miraculous-world-londres-la-course-contre-le-temps
Pídeme lo que quieras,/movie/1252309-pideme-lo-que-quieras
Levels,/movie/791042-levels
Despicable Me 4,/movie/519182-despicable-me-4
Transformers One,/movie/698687-transformers-one
स्पेलबाउंड,/movie/592983-spellbound
Pimpinero: Blood and Oil,/movie/1326059-pimpinero-sangre-y-gasolina
Arena Wars,/movie/995803-arena-wars
Azrael,/movie/1029235-azrael
Classified,/movie/1124641-classified
Wake Up,/movie/1165466-wake-up
My Fault,/movie/1010581-culpa-mia
The Soul Eater,/movie/1084863-le-mangeur-d-mes
Juror #2,/movie/1106739-juror-2
Dear Santa,/movie/1097870-dear-santa
फ्रीडम,/movie/1142518-libre
Female Teacher: In Front of the Students,/movie/173705
Arcadian,/movie/1051896-arcadian
सिकंदर का मुकद्दर,/movie/1252470
Matka,/movie/1233327
We Live in Time,/movie/1100099-we-live-in-time
Survive,/movie/1196470-survivre
The Count of Monte-Cristo,/movie/1084736-le-comte-de-monte-cristo
वेनम: कार्नेज का खौफ़,/movie/580489-venom-let-there-be-carnage
वेनम,/movie/335983-venom
Kraven the Hunter,/movie/539972-kraven-the-hunter
Mufasa: The Lion King,/movie/762509-mufasa-the-lion-king
The Equalizer,/movie/156022-the-equalizer
द स्नो सिस्टर,/movie/1365044-snososteren
द शैडो स्ट्रेज़,/movie/1151949-the-shadow-strays
Bad Boys: Ride or Die,/movie/573435-bad-boys-ride-or-die
OVERLORD: The Sacred Kingdom,/movie/1014505
Dominique,/movie/1331375-dominique
Japanese Mom,/movie/482600
Interstellar,/movie/157336-interstellar
Pleasure,/movie/592695-pleasure
Knox Goes Away,/movie/972614-knox-goes-away
How the Grinch Stole Christmas,/movie/8871-how-the-grinch-stole-christmas
हाउ टू ट्रेन यूअर ड्रैगन,/movie/166428-how-to-train-your-dragon-the-hidden-world
Our Little Secret,/movie/1234811-our-little-secret
Skin. Like. Sun.,/movie/259872-des-jours-plus-belles-que-la-nuit
"Miraculous World: Paris, Tales of Shadybug and Claw Noir",/movie/1147400-miraculous-world-paris-les-aventures-de-toxinelle-et-griffe-noire
Sonic the Hedgehog 3,/movie/939243-sonic-the-hedgehog-3
गाओ: Thriller,/movie/1371727-sing-thriller
Heretic,/movie/1138194-heretic
Subservience,/movie/1064028-subservience
The Garfield Movie,/movie/748783-the-garfield-movie
Whisper of the Witch,/movie/1100856
Cash Out,/movie/1116490-cash-out
How to Train Your Dragon,/movie/10191-how-to-train-your-dragon
Flow,/movie/823219-straume
ग्लेडिएटर,/movie/98-gladiator
अकेला घर 2 - न्यू याॅर्क में हार गया,/movie/772-home-alone-2-lost-in-new-york
The Lord of the Rings: The War of the Rohirrim,/movie/839033-the-lord-of-the-rings-the-war-of-the-rohirrim
An Almost Christmas Story,/movie/1355755-an-almost-christmas-story
द प्लेटफ़ॉर्म 2,/movie/1125510-el-hoyo-2
The Grinch,/movie/360920-the-grinch
The Crow,/movie/957452-the-crow
Battle for the Western Front,/movie/1041317-battle-for-the-western-front
Joker: Folie à Deux,/movie/889737-joker-folie-a-deux
Transmorphers: Mech Beasts,/movie/1144962-transmorphers-mech-beasts
The Dark Knight,/movie/155-the-dark-knight
Wish,/movie/1022796-wish
कुंग फू पांडा 4,/movie/1011985-kung-fu-panda-4
Bagman,/movie/978796-bagman
Double Blind,/movie/1140648-double-blind
Culpa Tuya,/movie/1156593-culpa-tuya
Beetlejuice Beetlejuice,/movie/917496-beetlejuice-beetlejuice
पुष्पा 2 - The Rule,/movie/857598-2-the-rule
Solo Leveling -ReAwakening-,/movie/1357633-reawakening
Conclave,/movie/974576-conclave
Canary Black,/movie/976734-canary-black
My Hero Academia: You're Next,/movie/1159311-the-movie
SpongeBob Squarepants: Kreepaway Kamp,/movie/1354627-spongebob-squarepants-kreepaway-kamp
Las tías,/movie/1340602-las-tias
Harry Potter and the Philosopher's Stone,/movie/671-harry-potter-and-the-philosopher-s-stone
गॉडज़िला और कौंग: एक नया साम्राज्य,/movie/823464-godzilla-x-kong-the-new-empire
Kingdom of the Planet of the Apes,/movie/653346-kingdom-of-the-planet-of-the-apes
365 Days: This Day,/movie/829557-365-dni-ten-dzien
IF,/movie/639720-if
Fast X,/movie/385687-fast-x
Furiosa: A Mad Max Saga,/movie/786892-furiosa-a-mad-max-saga
The Lord of the Rings: The Return of the King,/movie/122-the-lord-of-the-rings-the-return-of-the-king
Project Silence,/movie/726139
Do Not Enter,/movie/1287717-no-entres
The Shawshank Redemption,/movie/278-the-shawshank-redemption
Strange Darling,/movie/1029281-strange-darling
Let Go,/movie/1214484-slapp-taget
बुरे बंदे: हॉन्टेड हाइस्ट,/movie/1329336-the-bad-guys-haunted-heist
Operation Black Ops,/movie/1145491-operation-black-ops
Take Cover,/movie/1094974-take-cover
Migration,/movie/940551-migration
डोंट मूव,/movie/1063877-don-t-move
द फ़ैमिली प्लैन,/movie/1029575-the-family-plan
"The Chronicles of Narnia: The Lion, the Witch and the Wardrobe",/movie/411-the-chronicles-of-narnia-the-lion-the-witch-and-the-wardrobe
TOGEFILM - Mei Mei,/movie/1149913-togefilm-mei-mei
Hijack 1971,/movie/1147710
Transformers: Rise of the Beasts,/movie/667538-transformers-rise-of-the-beasts
BLUE LOCK THE MOVIE -EPISODE NAGI-,/movie/1104844-episode
ड्यून: पार्ट टू,/movie/693134-dune-part-two
Twisters,/movie/718821-twisters
Borderlands,/movie/365177-borderlands
The Lord of the Rings: The Fellowship of the Ring,/movie/120-the-lord-of-the-rings-the-fellowship-of-the-ring
Hunting With Tigers,/movie/1154223-tigres-et-hyenes
Monster Summer,/movie/928480-monster-summer
Through My Window 3: Looking at You,/movie/1139566-a-traves-de-mi-ventana-3-a-traves-de-tu-mirada
Trap,/movie/1032823-trap
स्पाइडर मैन: नो वे होम,/movie/634649-spider-man-no-way-home
Never Let Go,/movie/814889-never-let-go
The Amazing Spider-Man 2,/movie/102382-the-amazing-spider-man-2
John Wick: Chapter 4,/movie/603692-john-wick-chapter-4
Avengers: Infinity War,/movie/299536-avengers-infinity-war
It Ends with Us,/movie/1079091-it-ends-with-us
Twilight of the Warriors: Walled In,/movie/923667
फ़िफ़्टी शेड्स ऑफ़ ग्रे,/movie/216015-fifty-shades-of-grey
A Quiet Place: Day One,/movie/762441-a-quiet-place-day-one
Brothers,/movie/616446-brothers
The Silent Hour,/movie/1047373-the-silent-hour
Here,/movie/940139-here
द गॉडफ़ादर,/movie/238-the-godfather
MaXXXine,/movie/1023922-maxxxine
स्पाइडर-मैन: एक्रोस दा स्पाईडर-वर्स,/movie/569094-spider-man-across-the-spider-verse
The Haunting Of The Immaculate Nurse,/movie/1208808-turno-nocturno
Her,/movie/152601-her
वह यादगार क्रिसमस,/movie/645757-that-christmas
द सुपर मारियो ब्रदर्स मूवी,/movie/502356-the-super-mario-bros-movie
Speak No Evil,/movie/1114513-speak-no-evil
Cheeky,/movie/22705-tra-sgre-dire
Moana,/movie/277834-moana
Terrifier,/movie/420634-terrifier
Civil War,/movie/929590-civil-war
Prey,/movie/1129598-prey
Harry Potter and the Chamber of Secrets,/movie/672-harry-potter-and-the-chamber-of-secrets
My Old Ass,/movie/947891-my-old-ass
Winnie-the-Pooh: Blood and Honey 2,/movie/1079485-winnie-the-pooh-blood-and-honey-2
Iron Man,/movie/1726-iron-man
Private call,/movie/1153291-llamada-privada
The Canterville Ghost,/movie/269509-the-canterville-ghost
Last Night at Terrace Lanes,/movie/1225977-last-night-at-terrace-lanes
Amityville: Where the Echo Lives,/movie/1328814-amityville-where-the-echo-lives
The Maze Runner,/movie/198663-the-maze-runner
सॉनिक द हेजहॉग 2,/movie/675353-sonic-the-hedgehog-2
The Princess and the Frog,/movie/10198-the-princess-and-the-frog
Below Her Mouth,/movie/370663-below-her-mouth
The Polar Express,/movie/5255-the-polar-express
Blood for Dust,/movie/1025596-blood-for-dust
The Gigolo,/movie/323260
Terrifier 2,/movie/663712-terrifier-2
Young Hearts,/movie/1232449-young-hearts
Nutcrackers,/movie/1203236-nutcrackers
Avatar: The Way of Water,/movie/76600-avatar-the-way-of-water
1978,/movie/1288998-1978
हमेशा के बाद श्रेक,/movie/10192-shrek-forever-after
ओरायन और अंधेरा,/movie/1139829-orion-and-the-dark
Christmas Is Cancelled,/movie/1391524-hasta-la-madre-de-la-navidad
Kill 'em All 2,/movie/1215162-kill-em-all-2
The Equalizer 3,/movie/926393-the-equalizer-3
Die Alone,/movie/1141182-die-alone
Saving Bikini Bottom: The Sandy Cheeks Movie,/movie/831815-saving-bikini-bottom-the-sandy-cheeks-movie
Puss in Boots: The Last Wish,/movie/315162-puss-in-boots-the-last-wish
Titanic,/movie/597-titanic
Barbie,/movie/346698-barbie
Lilo & Stitch,/movie/11544-lilo-stitch
Hellboy: The Crooked Man,/movie/1087822-hellboy-the-crooked-man
Little Bites,/movie/1139095-little-bites
Coco,/movie/354912-coco
द इक्वलाइज़र 2,/movie/345887-the-equalizer-2
The Beekeeper,/movie/866398-the-beekeeper
Wonka,/movie/787699-wonka
बैंकॉक ब्रेकिंग़: जन्नत और जहन्नुम,/movie/1337309-bangkok-breaking
Harry Potter and the Prisoner of Azkaban,/movie/673-harry-potter-and-the-prisoner-of-azkaban
Megalopolis,/movie/592831-megalopolis
Top Gun: Maverick,/movie/361743-top-gun-maverick
Dragonkeeper,/movie/588648-dragonkeeper
Oppenheimer,/movie/872585-oppenheimer
Descendants: The Rise of Red,/movie/974262-descendants-the-rise-of-red
Playing with Love,/movie/46853-maladolescenza
The Next 365 Days,/movie/829560-kolejne-365-dni
The Flesh,/movie/72808-la-carne
Maleficent,/movie/102651-maleficent
ड्यून,/movie/438631-dune
Big Hero 6,/movie/177572-big-hero-6
3 Days in Malay,/movie/1152624-3-days-in-malay
गुमनाम सिपाही,/movie/16869-inglourious-basterds
The Ministry of Ungentlemanly Warfare,/movie/799583-the-ministry-of-ungentlemanly-warfare
Miller's Girl,/movie/1026436-miller-s-girl
Shrek,/movie/808-shrek
It's a Wonderful Life,/movie/1585-it-s-a-wonderful-life
Hidden Face,/movie/936245
ऑफ़िसर ब्लैक बेल्ट,/movie/1139817
Inside Out,/movie/150540-inside-out
स्माइल,/movie/882598-smile
Apocalypto,/movie/1579-apocalypto
रैथ ऑफ़ मैन,/movie/637649-wrath-of-man
Furious 7,/movie/168259-furious-7
The Lion King,/movie/8587-the-lion-king
Krampus,/movie/287903-krampus
The Convert,/movie/1066262-the-convert
द हॉलिडे,/movie/1581-the-holiday
लॉन्गलेग्स,/movie/1226578-longlegs
Toy Story 3,/movie/10193-toy-story-3
Pirates of the Caribbean: The Curse of the Black Pearl,/movie/22-pirates-of-the-caribbean-the-curse-of-the-black-pearl
जैक इन टाइम फ़ॉर क्रिसमस,/movie/1388232-jack-in-time-for-christmas
अपने ड्रैगन को प्रशिक्षित कैसे करें 2,/movie/82702-how-to-train-your-dragon-2
Moana,/movie/45890-moana
Defying Gravity: The Curtain Rises on Wicked,/movie/1290034-defying-gravity-the-curtain-rises-on-wicked
Kalikot,/movie/1241748-kalikot
Zuzubalândia - O Filme,/movie/1321476-zuzubalandia-o-filme
Nowhere,/movie/1151534-nowhere
The Nightmare Before Christmas,/movie/9479-the-nightmare-before-christmas
Parasite,/movie/496243
Meet Me Next Christmas,/movie/1104171-meet-me-next-christmas
Harry Potter and the Goblet of Fire,/movie/674-harry-potter-and-the-goblet-of-fire
Outside,/movie/1306764-outside
Corpse Bride,/movie/3933-corpse-bride
Thor,/movie/10195-thor
Fury,/movie/228150-fury
Skincare,/movie/1144911-skincare
Frozen,/movie/109445-frozen
He's Just Not That Into You,/movie/10184-he-s-just-not-that-into-you
Harry Potter and the Half-Blood Prince,/movie/767-harry-potter-and-the-half-blood-prince
Harry Potter and the Deathly Hallows: Part 2,/movie/12445-harry-potter-and-the-deathly-hallows-part-2
After,/movie/537915-after
The Hobbit: The Battle of the Five Armies,/movie/122917-the-hobbit-the-battle-of-the-five-armies
The Killer's Game,/movie/507241-the-killer-s-game
अपराइज़िंग,/movie/1075676
Busty Girlfriend,/movie/587727
The Tomorrow War,/movie/588228-the-tomorrow-war
टाइम कट,/movie/827931-time-cut
रोड हाउस,/movie/359410-road-house
Diabolik - Who Are You?,/movie/824003-diabolik-chi-sei
The Wolf of Wall Street,/movie/106646-the-wolf-of-wall-street
Coraline,/movie/14836-coraline
Anora,/movie/1064213-anora
Harry Potter and the Order of the Phoenix,/movie/675-harry-potter-and-the-order-of-the-phoenix
Inception,/movie/27205-inception
Remnant,/movie/1296753-remnant
वुल्फ़्स,/movie/877817-wolfs
SHANG-CHI DAS RING BALA,/movie/566525-shang-chi-and-the-legend-of-the-ten-rings
Elyas,/movie/1154215-elyas
Drawing Closer,/movie/1291559
ट्रबल,/movie/1210794-strul
Bag of Lies,/movie/1255208-bag-of-lies
The Santa Clause,/movie/11395-the-santa-clause
प्रिटी वूमन,/movie/114-pretty-woman
The Batman,/movie/414906-the-batman
Zootopia,/movie/269149-zootopia
Big City Greens the Movie: Spacecation,/movie/929563-big-city-greens-the-movie-spacecation
Harry Potter and the Deathly Hallows: Part 1,/movie/12444-harry-potter-and-the-deathly-hallows-part-1
The Avengers,/movie/24428-the-avengers
Godzilla Minus One,/movie/940721-1-0
Encanto,/movie/568124-encanto
The Idea of You,/movie/843527-the-idea-of-you
Brooklyn 45,/movie/916433-brooklyn-45
घोस्टेड,/movie/868759-ghosted
The Lion King,/movie/420818-the-lion-king
Gladiator,/movie/16219-gladiator
Taken,/movie/8681-taken
Lorna,/movie/5741-lorna
Purpose of Tutoring,/movie/1231818
मोनोनोके द मूवी: The Phantom in the Rain,/movie/989730
Taken 3,/movie/260346-taken-3
Elemental,/movie/976573-elemental
द ममी रिटर्न्स,/movie/1734-the-mummy-returns
Mantra Warrior: The Legend of The Eight Moons,/movie/1134424
The Incredible Hulk,/movie/1724-the-incredible-hulk
Kleks Academy,/movie/1026999-akademia-pana-kleksa
Fifty Shades Freed,/movie/337167-fifty-shades-freed
Boyka: Undisputed IV,/movie/348893-boyka-undisputed-iv
The Inseparables,/movie/1059264-the-inseparables
Dakaichi: I'm Being Harassed by the Sexiest Man of the Year—The Movie: In Spain,/movie/820530-1
Toy Story,/movie/862-toy-story
La nipote,/movie/151586-la-nipote
Oddity,/movie/1216191-oddity
Smugglers,/movie/783110
हॉट फ़्रॉस्टी,/movie/1290287-hot-frosty
Harold and the Purple Crayon,/movie/826510-harold-and-the-purple-crayon
Meg 2: The Trench,/movie/615656-meg-2-the-trench
National Lampoon's Christmas Vacation,/movie/5825-national-lampoon-s-christmas-vacation
Delinquent in Drag,/movie/324568
Then Came You,/movie/375785-then-came-you
King of Killers,/movie/1024127-king-of-killers
Bosomy Mom,/movie/707610
"Monsters, Inc.",/movie/585-monsters-inc
The Wizard of Oz,/movie/630-the-wizard-of-oz
Tangled,/movie/38757-tangled
Expend4bles,/movie/299054-expend4bles
Porno,/movie/197158-porno
Ratatouille,/movie/2062-ratatouille
Deadpool,/movie/293660-deadpool
एड्वर्ड सीज़रहैंड्स,/movie/162-edward-scissorhands
Avatar,/movie/19995-avatar
Transformers: Age of Extinction,/movie/91314-transformers-age-of-extinction
Rippy,/movie/1249532-rippy
Guardians of the Galaxy Vol. 3,/movie/447365-guardians-of-the-galaxy-vol-3
Mission: Impossible - Dead Reckoning Part One,/movie/575264-mission-impossible-dead-reckoning-part-one
A Christmas Carol,/movie/17979-a-christmas-carol
कैरिबियन-सालाज़र के बदला लेने के समुद्री डाकू,/movie/166426-pirates-of-the-caribbean-dead-men-tell-no-tales
फाइट क्लब,/movie/550-fight-club
लुक बैक,/movie/1244492
Justice League: Crisis on Infinite Earths Part Three,/movie/1209290-justice-league-crisis-on-infinite-earths-part-three
Taxi Driver,/movie/103-taxi-driver
स्पिरिटेड अवे,/movie/129
Abigail,/movie/1111873-abigail
Sweethearts,/movie/999890-sweethearts
10 Lives,/movie/567811-10-lives
It,/movie/346364-it
Someone Like You,/movie/1029330-someone-like-you
LEGO Marvel Avengers: Mission Demolition,/movie/1359227-lego-marvel-avengers-mission-demolition
Pirates of the Caribbean: Dead Man's Chest,/movie/58-pirates-of-the-caribbean-dead-man-s-chest
ब्लेड रनर 2049,/movie/335984-blade-runner-2049
चार्ली और चॉकलेट का कारखाना,/movie/118-charlie-and-the-chocolate-factory
The Marvels,/movie/609681-the-marvels
The Little Mermaid,/movie/447277-the-little-mermaid
Last Straw,/movie/1137205-last-straw
10 Days of a Curious Man,/movie/1169361-merakli-adamin-10-gunu
द हैंगओवर,/movie/18785-the-hangover
Hounds of War,/movie/949484-hounds-of-war
Emmanuelle,/movie/976576-emmanuelle
How to Date Billy Walsh,/movie/1017633-how-to-date-billy-walsh
Joker,/movie/475557-joker
Your Name.,/movie/372058
Pirates of the Caribbean: On Stranger Tides,/movie/1865-pirates-of-the-caribbean-on-stranger-tides
Shrek 2,/movie/809-shrek-2
Linda,/movie/1297185-linda
Beauty and the Beast,/movie/321612-beauty-and-the-beast
Elf,/movie/10719-elf
एवेंजर्स: एंडगेम,/movie/299534-avengers-endgame
The Fall Guy,/movie/746036-the-fall-guy
Weekend in Taipei,/movie/1167271-weekend-in-taipei
Kiki's Delivery Service,/movie/16859
The Matrix,/movie/603-the-matrix
An Ideal Father,/movie/1219685-un-pere-ideal
Frozen II,/movie/330457-frozen-ii
The Boy and the Heron,/movie/508883
Kinds of Kindness,/movie/1029955-kinds-of-kindness
रैबल रिज,/movie/646097-rebel-ridge
Salome,/movie/1135869-kelas-bintang-salome
किल,/movie/1160018
Dumbo,/movie/11360-dumbo
ब्लिट्ज़,/movie/896151-blitz
Train to Busan,/movie/396535
द कॉन्जुरिंग,/movie/138843-the-conjuring
एक्वामैन एंड द लॉस्ट किंगडम,/movie/572802-aquaman-and-the-lost-kingdom
Pulp Fiction,/movie/680-pulp-fiction
The Christmas Chronicles,/movie/527435-the-christmas-chronicles
Through My Window,/movie/818647-a-traves-de-mi-ventana
Hacksaw Ridge,/movie/324786-hacksaw-ridge
Anyone But You,/movie/1072790-anyone-but-you
Straight,/movie/1167898-straight
No Way Up,/movie/1096197-no-way-up
Alien,/movie/348-alien
The OctoGames,/movie/1028703-the-octogames
Toy Story 2,/movie/863-toy-story-2
Ocean's Eleven,/movie/161-ocean-s-eleven
Blink Twice,/movie/840705-blink-twice
The Purge,/movie/158015-the-purge
Gracie & Pedro: Pets to the Rescue,/movie/1207830-gracie-pedro-pets-to-the-rescue
Joni pata de conejo,/movie/1373893-joni-pata-de-conejo
Rita,/movie/1241752-rita
Transformers: The Last Knight,/movie/335988-transformers-the-last-knight
बीटलेजूस,/movie/4011-beetlejuice
The Emperor's New Groove,/movie/11688-the-emperor-s-new-groove
"The Tunnel to Summer, the Exit of Goodbyes",/movie/916192
Star Wars,/movie/11-star-wars
"Miraculous: Ladybug & Cat Noir, The Movie",/movie/496450-miraculous-le-film
द गॉडफ़ादर: पार्ट 2,/movie/240-the-godfather-part-ii
Spider-Man,/movie/557-spider-man
स्पाइडर-मैन: स्पाइडर्स का नया युग,/movie/324857-spider-man-into-the-spider-verse
The Lord of the Rings: The Two Towers,/movie/121-the-lord-of-the-rings-the-two-towers
Pin/Ya,/movie/1380126-pin-ya
Five Nights at Freddy's,/movie/507089-five-nights-at-freddy-s
Paprika,/movie/50270-paprika
Norbert(a),/movie/1143295-norbert-a
Fortune Feimster: Crushing It,/movie/1379382-fortune-feimster-crushing-it
Spider-Man: Homecoming,/movie/315635-spider-man-homecoming
Alienoid,/movie/601796-1
Blue Lagoon: The Awakening,/movie/115290-blue-lagoon-the-awakening
Lucky Baskhar,/movie/1239511
Mulan,/movie/10674-mulan
Nimo dhumdhana,/movie/12-finding-nemo
सॉनिक द हेजहॉग,/movie/454626-sonic-the-hedgehog
Cinderella,/movie/150689-cinderella
Zack Snyder's Justice League,/movie/791373-zack-snyder-s-justice-league
Crescent City,/movie/1245708-crescent-city
Pirates of the Caribbean: At World's End,/movie/285-pirates-of-the-caribbean-at-world-s-end
पैरिस के नीचे,/movie/1001311-sous-la-seine
Ice Age,/movie/425-ice-age
Invasion,/movie/991610-invasie
Hotel Mumbai,/movie/416144-hotel-mumbai
The Voyeur,/movie/27066-l-uomo-che-guarda
Love Actually,/movie/508-love-actually
John Wick: Chapter 2,/movie/324552-john-wick-chapter-2
Forrest Gump,/movie/13-forrest-gump
The Merry Gentlemen,/movie/1290486-the-merry-gentlemen
The Hobbit: An Unexpected Journey,/movie/49051-the-hobbit-an-unexpected-journey
Prey,/movie/766507-prey
xXx,/movie/7451-xxx
मैड मैक्स: धधकते रास्ते,/movie/76341-mad-max-fury-road
Leggings Mania,/movie/1190586
Jurassic World Dominion,/movie/507086-jurassic-world-dominion
Mission: Impossible,/movie/954-mission-impossible
The Killer,/movie/970347-the-killer
Maladonna,/movie/274291-maladonna
20th Century Girl,/movie/851644-20
1992,/movie/413846-1992
"The Good, the Bad and the Ugly",/movie/429-il-buono-il-brutto-il-cattivo
Padre no hay más que uno 4: Campanas de boda,/movie/1030076-padre-no-hay-mas-que-uno-4-campanas-de-boda
ट्वायलाइट,/movie/8966-twilight
Hotel Transylvania: Transformania,/movie/585083-hotel-transylvania-transformania
Up,/movie/14160-up
पुष्पा - The Rise,/movie/690957-the-rise
Virgin Territory,/movie/14324-virgin-territory
The Count of Monte Cristo,/movie/11362-the-count-of-monte-cristo
The Devil's Bath,/movie/931944-des-teufels-bad
Battle Over Britain,/movie/1136318-battle-over-britain
Divergent,/movie/157350-divergent
After Everything,/movie/820525-after-everything
Tomorrowland,/movie/158852-tomorrowland
Reunion Goals: The Beginning,/movie/473924
Cape Fear,/movie/1598-cape-fear
Afraid,/movie/1062215-afraid
The Truman Show,/movie/37165-the-truman-show
कैंडी केन लेन,/movie/1022964-candy-cane-lane
Rebel Moon — पार्ट 2: द स्कारगिवर,/movie/934632-rebel-moon-part-two-the-scargiver
Purpose of Reunion,/movie/351523
Mom's Friend,/movie/387824
Doctor Strange in the Multiverse of Madness,/movie/453395-doctor-strange-in-the-multiverse-of-madness
Saving Private Ryan,/movie/857-saving-private-ryan
I Saw the TV Glow,/movie/858017-i-saw-the-tv-glow
Me Before You,/movie/296096-me-before-you
"Hello, Love, Again",/movie/1292359-hello-love-again
Saturday Night,/movie/1120911-saturday-night
Mean Girls,/movie/10625-mean-girls
Christmas on Windmill Way,/movie/1150521-christmas-on-windmill-way
स्पाइडर-मैन: फ़ार फ़्रॉम होम,/movie/429617-spider-man-far-from-home
द यूनियन,/movie/704239-the-union
Megamind vs. the Doom Syndicate,/movie/1239251-megamind-vs-the-doom-syndicate
Gunner,/movie/5492-gunner
Poor Things,/movie/792307-poor-things
रिडीमिंग लव,/movie/698508-redeeming-love
माय स्पाय द एटर्नल सिटी,/movie/1048241-my-spy-the-eternal-city
Trading Places,/movie/1621-trading-places
Scouts Guide to the Zombie Apocalypse,/movie/273477-scouts-guide-to-the-zombie-apocalypse
Howl's Moving Castle,/movie/4935
Sing 2,/movie/438695-sing-2
Case Closed: The Million-Dollar Pentagram,/movie/1209217-100
S&M Hunter,/movie/39873-sm-18
Die Hard 2,/movie/1573-die-hard-2
The Hunger Games: Mockingjay - Part 1,/movie/131631-the-hunger-games-mockingjay-part-1
होटल ट्रांसिल्वेनिया 2,/movie/159824-hotel-transylvania-2
Schindler's List,/movie/424-schindler-s-list
VIRGO,/movie/1280655-virgo
Se7en,/movie/807-se7en
A Real Young Girl,/movie/1631-une-vraie-jeune-fille
Outlaw,/movie/1186947-bandida-a-n-mero-um
फ़्लाय मी टू द मून,/movie/956842-fly-me-to-the-moon
Beauty and the Beast,/movie/10020-beauty-and-the-beast
Skinford 2: The Curse,/movie/1358752-skinford-2-the-curse
Spider-Man 3,/movie/559-spider-man-3
Old School,/movie/11635-old-school
Jeepers Creepers 2,/movie/11351-jeepers-creepers-2
Black Panther: Wakanda Forever,/movie/505642-black-panther-wakanda-forever
Kucing Liar,/movie/1146165-kucing-liar
Demon Slayer -Kimetsu no Yaiba- The Movie: Mugen Train,/movie/635302
Barbie in the Nutcracker,/movie/15167-barbie-in-the-nutcracker
Teddy's Christmas,/movie/1020969-teddybjornens-jul
द फ़्लैश,/movie/298618-the-flash
PAW Patrol: The Mighty Movie,/movie/893723-paw-patrol-the-mighty-movie
Cellar Door,/movie/1361292-cellar-door
You're Killing Me,/movie/975022-you-re-killing-me
Gran Turismo,/movie/980489-gran-turismo
Predator 2,/movie/169-predator-2
Hitman,/movie/1620-hitman
Die Hard: With a Vengeance,/movie/1572-die-hard-with-a-vengeance
The Amazing Spider-Man,/movie/1930-the-amazing-spider-man
Exorcism in Utero,/movie/1122504-exorcism-in-utero
Justice League,/movie/141052-justice-league
Rise of the Guardians,/movie/81188-rise-of-the-guardians
All Things Fair,/movie/27098-lust-och-fagring-stor
White Chicks,/movie/12153-white-chicks
फास्ट & फ्यूरियस प्रेजेंट्स: हॉब्स & शॉ,/movie/384018-fast-furious-presents-hobbs-shaw
Woman of the Hour,/movie/835113-woman-of-the-hour
Scary Movie,/movie/4247-scary-movie
एक लड़की की अनोखी कहानी,/movie/763215-damsel
House of Ga'a,/movie/1311550-house-of-ga-a
Ted 2,/movie/214756-ted-2
Temurun,/movie/1264429-temurun
Cruella,/movie/337404-cruella
Kung Fu Panda,/movie/9502-kung-fu-panda
John Wick: Chapter 3 - Parabellum,/movie/458156-john-wick-chapter-3-parabellum
वन फ़ास्ट मूव,/movie/1281826-one-fast-move
Land of Bad,/movie/969492-land-of-bad
The Restoration,/movie/1180173-the-restoration
Love Lies Bleeding,/movie/948549-love-lies-bleeding
The Hunger Games: The Ballad of Songbirds & Snakes,/movie/695721-the-hunger-games-the-ballad-of-songbirds-snakes
Late Night with the Devil,/movie/938614-late-night-with-the-devil
The Jack in the Box Rises,/movie/1207898-the-jack-in-the-box-rises
Mission: Impossible - The Final Reckoning,/movie/575265-mission-impossible-the-final-reckoning
Slaughtered Vomit Dolls,/movie/36239-slaughtered-vomit-dolls
Yes Man,/movie/10201-yes-man
द सुसाइड स्क्वॉड,/movie/436969-the-suicide-squad
लोगान,/movie/263115-logan
The Conjuring: The Devil Made Me Do It,/movie/423108-the-conjuring-the-devil-made-me-do-it
Eden,/movie/1042834-eden
Boyfriends,/movie/1205317-boyfriends
Cinderella,/movie/11224-cinderella
Captain America: Civil War,/movie/271110-captain-america-civil-war
Emilia Pérez,/movie/974950-emilia-perez
The Day the Earth Stood Still,/movie/10200-the-day-the-earth-stood-still
28 Days Later,/movie/170-28-days-later
The Incredibles,/movie/9806-the-incredibles
Shrek the Third,/movie/810-shrek-the-third
Speed,/movie/1637-speed
Killers of the Flower Moon,/movie/466420-killers-of-the-flower-moon
Ready Player One,/movie/333339-ready-player-one
World War Z,/movie/72190-world-war-z
Trolls Band Together,/movie/901362-trolls-band-together
Gone Girl,/movie/210577-gone-girl
xXx: Return of Xander Cage,/movie/47971-xxx-return-of-xander-cage
The Notebook,/movie/11036-the-notebook
Monsters vs Aliens,/movie/15512-monsters-vs-aliens
Monolith,/movie/1024721-monolith
후배부부와 교환섹스 2,/movie/1299314-2
डेस्पिकेबल मी,/movie/20352-despicable-me
Deadpool 2,/movie/383498-deadpool-2
Grown Ups,/movie/38365-grown-ups
Taken 2,/movie/82675-taken-2
The Big Lebowski,/movie/115-the-big-lebowski
Paris Christmas Waltz,/movie/1127936-paris-christmas-waltz
अकेला घर 3,/movie/9714-home-alone-3
Barbie as The Princess & the Pauper,/movie/15165-barbie-as-the-princess-the-pauper
Indiana Jones and the Dial of Destiny,/movie/335977-indiana-jones-and-the-dial-of-destiny
Night Hunter,/movie/441282-night-hunter
After We Fell,/movie/744275-after-we-fell
How to Train Your Dragon: Homecoming,/movie/638507-how-to-train-your-dragon-homecoming
Death Race: Inferno,/movie/156717-death-race-inferno
मिनियंस: द राइज़ ऑफ़ ग़्रू,/movie/438148-minions-the-rise-of-gru
The Green Mile,/movie/497-the-green-mile
Nosferatu,/movie/426063-nosferatu
Bedspacer,/movie/1209770-bedspacer
Whiplash,/movie/244786-whiplash
Alita: Battle Angel,/movie/399579-alita-battle-angel
Black Panther,/movie/284054-black-panther
Shutter Island,/movie/11324-shutter-island
The Conjuring 2,/movie/259693-the-conjuring-2
गेट ऑउट,/movie/419430-get-out
To Be Twenty,/movie/55685-avere-vent-anni
Real Steel,/movie/39254-real-steel
Alice in Wonderland,/movie/12155-alice-in-wonderland
Fantastic Mr. Fox,/movie/10315-fantastic-mr-fox
The Greatest Showman,/movie/316029-the-greatest-showman
Striking Rescue,/movie/1382406
Ant-Man,/movie/102899-ant-man
Bionic,/movie/1025463-bionicos
The Mummy,/movie/564-the-mummy
प्यार करो पर ज़रा हटके,/movie/11397-not-another-teen-movie
The Terminator,/movie/218-the-terminator
My Grandfather's Demons,/movie/588555-os-demonios-do-meu-avo
Teenage Mutant Ninja Turtles,/movie/98566-teenage-mutant-ninja-turtles
Exhuma,/movie/838209
Terminator 2: Judgment Day,/movie/280-terminator-2-judgment-day
The Little Mermaid,/movie/10144-the-little-mermaid
Fall,/movie/985939-fall
Sexual Chronicles of a French Family,/movie/112160-chroniques-sexuelles-d-une-famille-d-aujourd-hui
Turning Red,/movie/508947-turning-red
Knives Out,/movie/546554-knives-out
Mulholland Drive,/movie/1018-mulholland-drive
The Imitation Game,/movie/205596-the-imitation-game
Madame Web,/movie/634492-madame-web
Metal Skin Panic MADOX-01,/movie/62961-madox-01
Terrifier,/movie/86328-terrifier
श्श...एकदम चुप!,/movie/447332-a-quiet-place
A Bronx Tale,/movie/1607-a-bronx-tale
Out of My Mind,/movie/971606-out-of-my-mind
Eternal Sunshine of the Spotless Mind,/movie/38-eternal-sunshine-of-the-spotless-mind
Hercules,/movie/11970-hercules
The Dark Knight Rises,/movie/49026-the-dark-knight-rises
टर्मिनेटर - एक नई शुरुआत,/movie/87101-terminator-genisys
Undisputed II: Last Man Standing,/movie/15255-undisputed-ii-last-man-standing
La La Land,/movie/313369-la-la-land
Troy,/movie/652-troy
Ghostbusters: Frozen Empire,/movie/967847-ghostbusters-frozen-empire
द टीयरस्मिथ,/movie/1127166-fabbricante-di-lacrime
Tarzan & Jane,/movie/13683-tarzan-jane
Paradox Effect,/movie/1064375-paradox-effect
Scary Movie 2,/movie/4248-scary-movie-2
GoodFellas,/movie/769-goodfellas
The Mummy: Tomb of the Dragon Emperor,/movie/1735-the-mummy-tomb-of-the-dragon-emperor
बैक टू द फ़्यूचर,/movie/105-back-to-the-future
स्क्रीम,/movie/646385-scream
Raiders of the Lost Ark,/movie/85-raiders-of-the-lost-ark
John Wick,/movie/245891-john-wick
बैड बॉयज़ फ़ॉर लाइफ़,/movie/38700-bad-boys-for-life
Cruel Intentions,/movie/796-cruel-intentions
WALL·E,/movie/10681-wall-e
Werewolves,/movie/970450-werewolves
Fifty Shades Darker,/movie/341174-fifty-shades-darker
The Last: Naruto the Movie,/movie/317442-the-last-naruto-the-movie
In the Land of Saints and Sinners,/movie/1027073-in-the-land-of-saints-and-sinners
Immaculate,/movie/1041613-immaculate
Death Whisperer,/movie/1134433
Kingdom of Heaven,/movie/1495-kingdom-of-heaven
मैरी,/movie/1243381-mary
SPY x FAMILY CODE: White,/movie/1062807-spyxfamily-code-white
The Lorax,/movie/73723-the-lorax
जैकपॉट!,/movie/1094138-jackpot
Student Services,/movie/65496-mes-cheres-etudes
Avengers: Age of Ultron,/movie/99861-avengers-age-of-ultron
The Clean Up Crew,/movie/1010161-the-clean-up-crew
बेवर्ली हिल्स कॉप: एक्सल एफ़,/movie/280180-beverly-hills-cop-axel-f
The Roundup: No Way Out,/movie/955555-3
Freddy's Fridays,/movie/1140168-freddy-s-fridays
The Moor,/movie/1155095-the-moor
A Walk to Remember,/movie/10229-a-walk-to-remember
Like Water for Chocolate,/movie/18183-como-agua-para-chocolate
The First Omen,/movie/437342-the-first-omen
Predator,/movie/106-predator
Tarot,/movie/719221-tarot
The Christmas Chronicles: Part Two,/movie/654028-the-christmas-chronicles-part-two
Madagascar,/movie/953-madagascar
The Twilight Saga: Breaking Dawn - Part 1,/movie/50619-the-twilight-saga-breaking-dawn-part-1
Y2K,/movie/1094274-y2k
May the 12th Be with You,/movie/1284004-may-the-12th-be-with-you
The Roundup: Punishment,/movie/1017163-4
The King's Man,/movie/476669-the-king-s-man
A Delicious Flight,/movie/390845
Once Upon a Studio,/movie/1139087-once-upon-a-studio
बाकी हानमा और केंगन आशुरा,/movie/1263421-vs
The Temptation of Kimono,/movie/247136-m
The Lion King 1½,/movie/11430-the-lion-king-1
Bird Box,/movie/405774-bird-box
Latency,/movie/1042657-latency
Back to the Future Part II,/movie/165-back-to-the-future-part-ii
Lee,/movie/832964-lee
Scarface,/movie/111-scarface
Grown Ups 2,/movie/109418-grown-ups-2
Léon: The Professional,/movie/101-leon-the-professional
Catch Me If You Can,/movie/640-catch-me-if-you-can
Mr. Crocket,/movie/1317218-mr-crocket
Snow White and the Seven Dwarfs,/movie/408-snow-white-and-the-seven-dwarfs
Cars 3,/movie/260514-cars-3
Three Thousand Years of Longing,/movie/556694-three-thousand-years-of-longing
The Twilight Saga: Breaking Dawn - Part 2,/movie/50620-the-twilight-saga-breaking-dawn-part-2
ब्लैक ऐडम,/movie/436270-black-adam
Drag Me to Hell,/movie/16871-drag-me-to-hell
All Hallows' Eve,/movie/231001-all-hallows-eve
Mayhem!,/movie/959092-farang
"Legally Blonde 2: Red, White & Blonde",/movie/10327-legally-blonde-2-red-white-blonde
Black Hawk Down,/movie/855-black-hawk-down
Scream VI,/movie/934433-scream-vi
ऐटलस,/movie/614933-atlas
Highlander: The Search for Vengeance,/movie/13194-highlander-the-search-for-vengeance
Beauty and the Beast: The Enchanted Christmas,/movie/13313-beauty-and-the-beast-the-enchanted-christmas
लक,/movie/585511-luck
Ice Age: Dawn of the Dinosaurs,/movie/8355-ice-age-dawn-of-the-dinosaurs
Underdogs,/movie/153158-metegol
Con Air,/movie/1701-con-air
Good Will Hunting,/movie/489-good-will-hunting
After Ever Happy,/movie/744276-after-ever-happy
Watchmen: Chapter I,/movie/1155058-watchmen-chapter-i
Mission: Impossible - Fallout,/movie/353081-mission-impossible-fallout
Fantastic Beasts: डंबलडोर के राज़,/movie/338953-fantastic-beasts-the-secrets-of-dumbledore
Thor: Ragnarok,/movie/284053-thor-ragnarok
Luca,/movie/508943-luca
Carved,/movie/1308546-carved
बैटमैन और सुपरमैन: इंसाफ़ की लड़ाई,/movie/209112-batman-v-superman-dawn-of-justice
No Time to Die,/movie/370172-no-time-to-die
Constantine,/movie/561-constantine
द कराटे किड,/movie/38575-the-karate-kid
Hole-in-law,/movie/724109
人妻淫靡行,/movie/1139226
The Nun II,/movie/968051-the-nun-ii
Evil Dead Rise,/movie/713704-evil-dead-rise
After We Collided,/movie/613504-after-we-collided
Challengers,/movie/937287-challengers
Lassie: A New Adventure,/movie/1088563-lassie-ein-neues-abenteuer
Pacific Rim: Uprising,/movie/268896-pacific-rim-uprising
Rio 2,/movie/172385-rio-2
Iron Man 2,/movie/10138-iron-man-2
जुमानजी: वेलकम टू द जंगल,/movie/353486-jumanji-welcome-to-the-jungle
Pitch Perfect,/movie/114150-pitch-perfect
Alien: Covenant,/movie/126889-alien-covenant
एक्सट्रैक्शन 2,/movie/697843-extraction-2
The Day of the Jackal,/movie/4909-the-day-of-the-jackal
Jingle All the Way,/movie/9279-jingle-all-the-way
Sleeping Dogs,/movie/978592-sleeping-dogs
Creation of the Gods I: Kingdom of Storms,/movie/856289
Lady Libertine,/movie/165612-lady-libertine
Hereditary,/movie/493922-hereditary
The Godfather Part III,/movie/242-the-godfather-part-iii
Cars 2,/movie/49013-cars-2
Kingsman: The Golden Circle,/movie/343668-kingsman-the-golden-circle
Mala persona,/movie/1187364-mala-persona
Sky High,/movie/11459-sky-high
Kingsman: The Secret Service,/movie/207703-kingsman-the-secret-service
Die Hard,/movie/562-die-hard
Arrival,/movie/329865-arrival
Matilda,/movie/10830-matilda
Leo,/movie/1075794-leo
Kung Fu Panda 2,/movie/49444-kung-fu-panda-2
Django Unchained,/movie/68718-django-unchained
How the Grinch Stole Christmas!,/movie/13377-how-the-grinch-stole-christmas
Tuhog,/movie/1188808-tuhog
Hit Man,/movie/974635-hit-man
Miki,/movie/1107054-miki
Penguins of Madagascar,/movie/270946-penguins-of-madagascar
Ricky Stanicky,/movie/1022690-ricky-stanicky
Watchmen,/movie/13183-watchmen
Olvido,/movie/1152774-olvido
Through My Window: Across the Sea,/movie/988078-a-traves-del-mar
Klaus,/movie/508965-klaus
Den of Thieves,/movie/449443-den-of-thieves
Hotel Desire,/movie/82023-hotel-desire
Teen Titans: Trouble in Tokyo,/movie/16237-teen-titans-trouble-in-tokyo
Jurassic World: Fallen Kingdom,/movie/351286-jurassic-world-fallen-kingdom
The Devil Wears Prada,/movie/350-the-devil-wears-prada
Darkness of Man,/movie/1049574-darkness-of-man
New Life,/movie/1148027-new-life
Fantastic Beasts and Where to Find Them,/movie/259316-fantastic-beasts-and-where-to-find-them
Daddy's Home 2,/movie/419680-daddy-s-home-2
Jurassic World,/movie/135397-jurassic-world
Raya and the Last Dragon,/movie/527774-raya-and-the-last-dragon
Pacific Rim,/movie/68726-pacific-rim
Last Holiday,/movie/17379-last-holiday
Violent Night,/movie/899112-violent-night
Crayon Shin-chan: Ora's Dinosaur Diary,/movie/1221404
Aliens,/movie/679-aliens
Detective Conan: Black Iron Submarine,/movie/1047041
Incredibles 2,/movie/260513-incredibles-2
Ghost in the Shell,/movie/315837-ghost-in-the-shell
Horizon: An American Saga - Chapter 1,/movie/932086-horizon-an-american-saga-chapter-1
X-Men: Days of Future Past,/movie/127585-x-men-days-of-future-past
'Twas the Text Before Christmas,/movie/1100642-twas-the-text-before-christmas
बैवॉच,/movie/339846-baywatch
शज़ैम! फ्युरी ऑफ द गॉड्स,/movie/594767-shazam-fury-of-the-gods
It Chapter Two,/movie/474350-it-chapter-two
The Smile of the Fox,/movie/108450-spiando-marina
Reagan,/movie/647245-reagan
In Time,/movie/49530-in-time
Priscilla,/movie/1020006-priscilla
Maze Runner: The Scorch Trials,/movie/294254-maze-runner-the-scorch-trials
द मेग,/movie/345940-the-meg
द वेजेज़ ऑफ़ फ़ीयर,/movie/984324-le-salaire-de-la-peur
The Prestige,/movie/1124-the-prestige
Underground Monster,/movie/943344
श्श...एकदम चुप! पार्ट 2,/movie/520763-a-quiet-place-part-ii
HAIKYU!! The Dumpster Battle,/movie/1012201
अमेरिकन स्नाइपर,/movie/190859-american-sniper
El Apocalipsis de san Juan,/movie/1262299-el-apocalipsis-de-san-juan
Justice League: Crisis on Infinite Earths Part Two,/movie/1209288-justice-league-crisis-on-infinite-earths-part-two
The Shining,/movie/694-the-shining
Triangle,/movie/26466-triangle
The Sound of Music,/movie/15121-the-sound-of-music
गॉड्ज़िला: किंग ऑफ़ द मॉन्स्टर्स,/movie/373571-godzilla-king-of-the-monsters
Sisu,/movie/840326-sisu
The Hobbit: The Desolation of Smaug,/movie/57158-the-hobbit-the-desolation-of-smaug
The Fate of the Furious,/movie/337339-the-fate-of-the-furious
Dr. No,/movie/646-dr-no
Salem's Lot,/movie/748230-salem-s-lot
American Pie,/movie/2105-american-pie
"Red, White & Royal Blue",/movie/930094-red-white-royal-blue
The Parent Trap,/movie/9820-the-parent-trap
Talk to Me,/movie/1008042-talk-to-me
जॉय,/movie/1184495-joy
ट्वाइलाइट सागा: न्यू मून,/movie/18239-the-twilight-saga-new-moon
Daddy's Head,/movie/1089123-daddy-s-head
Jumanji: The Next Level,/movie/512200-jumanji-the-next-level
Ocean's Eight,/movie/402900-ocean-s-eight
लिफ़्ट,/movie/955916-lift
Prison Break: The Final Break,/movie/176241-prison-break-the-final-break
Five Feet Apart,/movie/527641-five-feet-apart
Blade Runner,/movie/78-blade-runner
द सोशल नेटवर्क,/movie/37799-the-social-network
Mavka: The Forest Song,/movie/459003
Midway,/movie/11422-midway
Dungeons & Dragons: Honor Among Thieves,/movie/493529-dungeons-dragons-honor-among-thieves
Scream,/movie/4232-scream
Spirit: Stallion of the Cimarron,/movie/9023-spirit-stallion-of-the-cimarron
Dawn of the Planet of the Apes,/movie/119450-dawn-of-the-planet-of-the-apes
Iron Man 3,/movie/68721-iron-man-3
Aladdin,/movie/812-aladdin
All Quiet on the Western Front,/movie/49046-im-westen-nichts-neues
Little Man,/movie/9072-little-man
माय नेबर टोटोरो,/movie/8392
Justice League: Crisis on Infinite Earths Part One,/movie/1155089-justice-league-crisis-on-infinite-earths-part-one
नपोलियन,/movie/753342-napoleon
The Lion King II: Simba's Pride,/movie/9732-the-lion-king-ii-simba-s-pride
आखरी रेस,/movie/10483-death-race
Liar Liar,/movie/1624-liar-liar
Percy Jackson & the Olympians: The Lightning Thief,/movie/32657-percy-jackson-the-olympians-the-lightning-thief
Snow White,/movie/447273-snow-white
Baby Driver,/movie/339403-baby-driver
द क्रूड्स: एक नया ज़माना,/movie/529203-the-croods-a-new-age
Thor: Love and Thunder,/movie/616037-thor-love-and-thunder
It Boy,/movie/173185-20-ans-d-ecart
Shrek the Halls,/movie/13394-shrek-the-halls
Apartment 7A,/movie/807339-apartment-7a
Non Negotiable,/movie/1309923-no-negociable
War for the Planet of the Apes,/movie/281338-war-for-the-planet-of-the-apes
X-Men: Apocalypse,/movie/246655-x-men-apocalypse
The Spectacular Now,/movie/157386-the-spectacular-now
Something in the Water,/movie/804616-something-in-the-water
Star Wars: The Last Jedi,/movie/181808-star-wars-the-last-jedi
Slingshot,/movie/916728-slingshot
The Cat Returns,/movie/15370
Meet Joe Black,/movie/297-meet-joe-black
Wonderful Days,/movie/14258
Prometheus,/movie/70981-prometheus
द प्लेटफ़ॉर्म,/movie/619264-el-hoyo
Son of the Mask,/movie/10214-son-of-the-mask
From Straight A's to XXX,/movie/441168-from-straight-a-s-to-xxx
One Piece Film Red,/movie/900667-one-piece-film-red
Batman Begins,/movie/272-batman-begins
Love & Other Drugs,/movie/43347-love-other-drugs
Moon,/movie/17431-moon
वुडी वुडपेकर और कैंप में मौज-मस्ती,/movie/1239146-woody-woodpecker-goes-to-camp
Insurgent,/movie/262500-insurgent
Birdman or (The Unexpected Virtue of Ignorance),/movie/194662-birdman-or-the-unexpected-virtue-of-ignorance
Wreck-It Ralph,/movie/82690-wreck-it-ralph
La Leyenda de los Chaneques,/movie/1150394-la-leyenda-de-los-chaneques
Rango,/movie/44896-rango
The Golden Lotus: Love and Desire,/movie/173129
बुलेट ट्रेन,/movie/718930-bullet-train
Al otro barrio,/movie/1151506-al-otro-barrio
The Mask,/movie/854-the-mask
The Forbidden Play,/movie/1145291
Rebel Moon - भाग एक: अग्नि की संतान,/movie/848326-rebel-moon-part-one-a-child-of-fire
Guardians of the Galaxy Vol. 2,/movie/283995-guardians-of-the-galaxy-vol-2
Cursed,/movie/1154864-malditas
Friday the 13th Part VI: Jason Lives,/movie/10225-friday-the-13th-part-vi-jason-lives
Thelma,/movie/1051891-thelma
डेस्पिकेबल मि 2,/movie/93456-despicable-me-2
Don't Be a Menace to South Central While Drinking Your Juice in the Hood,/movie/10607-don-t-be-a-menace-to-south-central-while-drinking-your-juice-in-the-hood
Ice Age: Continental Drift,/movie/57800-ice-age-continental-drift
Sing,/movie/335797-sing
Wrong Turn 5: Bloodlines,/movie/125509-wrong-turn-5-bloodlines
Alice in Terrorland,/movie/1174618-alice-in-terrorland
लूसी,/movie/240832-lucy
Deep Water,/movie/619979-deep-water
Hood Witch,/movie/1018634-roqya
Valerian and the City of a Thousand Planets,/movie/339964-valerian-and-the-city-of-a-thousand-planets
The Impossible,/movie/80278-the-impossible
म्युज़ीयम के अंदर फंस गया सिकंदर,/movie/1593-night-at-the-museum
Everything Everywhere All at Once,/movie/545611-everything-everywhere-all-at-once
The Smurfs: A Christmas Carol,/movie/79443-the-smurfs-a-christmas-carol
A Christmas Carol,/movie/25842-a-christmas-carol
मेरा सच्चा आइरिश प्यार,/movie/1019420-irish-wish
अ मैन कॉल्ड ऑटो,/movie/937278-a-man-called-otto
ब्लू बीटल,/movie/565770-blue-beetle
Star Wars: The Force Awakens,/movie/140607-star-wars-the-force-awakens
Three Steps Above Heaven,/movie/61979-tres-metros-sobre-el-cielo
Love Lesson,/movie/286687
Princess Cursed in Time: Alchemist's Quest,/movie/1027604-princezna-zakleta-v-case-2
Hot Sex With A Fully Dressed Working Woman Asahi Mizuno,/movie/1015552
द नन,/movie/439079-the-nun
Ladies' Doctor,/movie/292610-il-ginecologo-della-mutua
Swing Into Romance,/movie/1104102-swing-into-romance
Thriller Night,/movie/118249-thriller-night
Autumn and the Black Jaguar,/movie/959098-le-dernier-jaguar
Kung Fu Panda 3,/movie/140300-kung-fu-panda-3
कैंप क्रैशर,/movie/1191611-campamento-con-mama
The Ice Age Adventures of Buck Wild,/movie/774825-the-ice-age-adventures-of-buck-wild
Mobile Suit Gundam SEED FREEDOM,/movie/1146972-seed-freedom
Kung Fu Games,/movie/1329912-kung-fu-games
Chapel,/movie/1012148-chapel
The Hunger Games: Catching Fire,/movie/101299-the-hunger-games-catching-fire
Memories of Murder,/movie/11423
The Pursuit of Happyness,/movie/1402-the-pursuit-of-happyness
A Bug's Life,/movie/9487-a-bug-s-life
Freedom Writers,/movie/1646-freedom-writers
द बॉस बेबी: फ़ैमिली बिज़नेस,/movie/459151-the-boss-baby-family-business
मिशन: इम्पॉसिबल - रोग नेशन,/movie/177677-mission-impossible-rogue-nation
The Black Phone,/movie/756999-the-black-phone
The Twilight Saga: Eclipse,/movie/24021-the-twilight-saga-eclipse
Monkey Man,/movie/560016-monkey-man
The Texas Chainsaw Massacre 2,/movie/16337-the-texas-chainsaw-massacre-2
Three Husbands,/movie/550353
12 Angry Men,/movie/389-12-angry-men
Maybe Baby 2,/movie/1382511-bytte-bytte-barn
The Apprentice,/movie/1182047-the-apprentice
Handling the Undead,/movie/1020896-h-ndtering-av-ud-de
Room in Rome,/movie/48650-habitacion-en-roma
Tarzan,/movie/37135-tarzan
Over the Hedge,/movie/7518-over-the-hedge
It Feels So Good,/movie/625976
Vikings: Battle of Heirs,/movie/1049948-vikings-battle-of-heirs
The Courier,/movie/1148713-el-correo
ज़िंदा हूं मैं,/movie/6479-i-am-legend
Star Wars: The Rise of Skywalker,/movie/181812-star-wars-the-rise-of-skywalker
The First Purge,/movie/442249-the-first-purge
172 Days,/movie/1134754-172-hari
Love in the Big City,/movie/1154154
China Dolls,/movie/172760
Lembayung,/movie/1164355-lembayung
The Key,/movie/28468-la-chiave
Rio,/movie/46195-rio
Gods of Egypt,/movie/205584-gods-of-egypt
दो पत्ती,/movie/1148172
Breakfast at Tiffany's,/movie/164-breakfast-at-tiffany-s
The Hangover Part II,/movie/45243-the-hangover-part-ii
Blue Cave,/movie/1362101-mavi-magara
Unang Tikim,/movie/1308821-unang-tikim
Conquest of the Planet of the Apes,/movie/1688-conquest-of-the-planet-of-the-apes
Bridge to Terabithia,/movie/1265-bridge-to-terabithia
28 Weeks Later,/movie/1562-28-weeks-later
The Shape of Water,/movie/399055-the-shape-of-water
Freaky Friday,/movie/10330-freaky-friday
13 Hours: The Secret Soldiers of Benghazi,/movie/300671-13-hours-the-secret-soldiers-of-benghazi
Thor: The Dark World,/movie/76338-thor-the-dark-world
Buy Now! The Shopping Conspiracy,/movie/1376704-buy-now-the-shopping-conspiracy
Out of Exile,/movie/729165-out-of-exile
V/H/S/Beyond,/movie/1190868-v-h-s-beyond
मैडागास्कर 3: यूरोप्स मोस्ट वांटेड,/movie/80321-madagascar-3-europe-s-most-wanted
The Infallibles,/movie/1143019-les-infaillibles
Ready or Not,/movie/567609-ready-or-not
Let's Go To Rose Motel,/movie/464026
Alienoid: Return to the Future,/movie/626412-2
A Different Man,/movie/989662-a-different-man
Jujutsu Kaisen 0,/movie/810693-0
All About Lily Chou-Chou,/movie/16664
No Country for Old Men,/movie/6977-no-country-for-old-men
2012,/movie/14161-2012
Katt Williams: Woke Foke,/movie/1270880-katt-williams-woke-foke
अनचार्टेड,/movie/335787-uncharted
The Watchers,/movie/1086747-the-watchers
Colombiana,/movie/62835-colombiana
The Chronicles of Narnia: The Voyage of the Dawn Treader,/movie/10140-the-chronicles-of-narnia-the-voyage-of-the-dawn-treader
The Zone of Interest,/movie/467244-the-zone-of-interest
थेल्मा द यूनिकॉर्न,/movie/739547-thelma-the-unicorn
Jack Reacher: Never Go Back,/movie/343611-jack-reacher-never-go-back
Cuckoo,/movie/869291-cuckoo
Untamed Royals,/movie/1298238-principes-salvajes
The Chronicles of Narnia: Prince Caspian,/movie/2454-the-chronicles-of-narnia-prince-caspian
Ant-Man and the Wasp: Quantumania,/movie/640146-ant-man-and-the-wasp-quantumania
Home Alone 4,/movie/12536-home-alone-4
"Sex, Party and Lies",/movie/17899-mentiras-y-gordas
Live Free or Die Hard,/movie/1571-live-free-or-die-hard
ऐंग्री बर्ड्स मूवी,/movie/153518-the-angry-birds-movie
Brave,/movie/62177-brave
Toy Story 4,/movie/301528-toy-story-4
विनाश का दिन,/movie/137113-edge-of-tomorrow
Maze Runner: The Death Cure,/movie/336843-maze-runner-the-death-cure
Monster,/movie/1050035
Wrong Turn,/movie/630586-wrong-turn
ड्युन,/movie/841-dune
Carl's Date,/movie/1076364-carl-s-date
Pride & Prejudice,/movie/4348-pride-prejudice
Barbie and the Magic of Pegasus,/movie/15906-barbie-and-the-magic-of-pegasus
The Fifth Element,/movie/18-the-fifth-element
After Porn Ends,/movie/109520-after-porn-ends
Boneyard,/movie/1114738-boneyard
The Raffle,/movie/59053-la-riffa
X,/movie/760104-x
P.O. Box Tinto Brass,/movie/55580-fermo-posta-tinto-brass
Freelance,/movie/897087-freelance
Hotel Transylvania,/movie/76492-hotel-transylvania
Noah's Ark,/movie/1192209-arca-de-noe
गॉडज़िला,/movie/124905-godzilla
टॉप गन,/movie/744-top-gun
चैपी,/movie/198184-chappie
Superbad,/movie/8363-superbad
The Intouchables,/movie/77338-intouchables
The Mouse Trap,/movie/1225377-the-mouse-trap
The Empty Man,/movie/516632-the-empty-man
Rambo: First Blood Part II,/movie/1369-rambo-first-blood-part-ii
Garfield,/movie/8920-garfield
Kanguva,/movie/622792
10 Things I Hate About You,/movie/4951-10-things-i-hate-about-you
It Follows,/movie/270303-it-follows
Robot Dreams,/movie/838240-robot-dreams
Perfect Days,/movie/976893-perfect-days
The Forge,/movie/1186532-the-forge
The Last Airbender,/movie/10196-the-last-airbender
बुरे बंदे,/movie/629542-the-bad-guys
The Girl with the Dragon Tattoo,/movie/15472-man-som-hatar-kvinnor
Sri Asih,/movie/624091-sri-asih
The Proposal,/movie/18240-the-proposal
The Witch: Part 2. The Other One,/movie/615173-2
Battle for the Planet of the Apes,/movie/1705-battle-for-the-planet-of-the-apes
Scream 2,/movie/4233-scream-2
Amaran,/movie/927342
Knock Knock,/movie/263472-knock-knock
The Princess Switch,/movie/556803-the-princess-switch
The Exorcism,/movie/646683-the-exorcism
The SpongeBob Movie: Sponge on the Run,/movie/400160-the-spongebob-movie-sponge-on-the-run
B&B Merry,/movie/1029578-b-b-merry
Herbie Fully Loaded,/movie/11451-herbie-fully-loaded
जैक रीचर,/movie/75780-jack-reacher
Escape from the Planet of the Apes,/movie/1687-escape-from-the-planet-of-the-apes
The Trapped 13: How We Survived The Thai Cave,/movie/1025169-13
Pitch Perfect 2,/movie/254470-pitch-perfect-2
The Good Dinosaur,/movie/105864-the-good-dinosaur
Amber Alert,/movie/1248753-amber-alert
Girl in the Basement,/movie/801335-girl-in-the-basement
Hercules,/movie/184315-hercules
द इन्स्टिगेटर्स,/movie/1059064-the-instigators
Thelma & Louise,/movie/1541-thelma-louise
Night at the Museum: Secret of the Tomb,/movie/181533-night-at-the-museum-secret-of-the-tomb
Cinderella III: A Twist in Time,/movie/16119-cinderella-iii-a-twist-in-time
Wind River,/movie/395834-wind-river
Once Upon a Time in the West,/movie/335-c-era-una-volta-il-west
Meatballs,/movie/14035-meatballs
Star Trek: The Motion Picture,/movie/152-star-trek-the-motion-picture
Creed III,/movie/677179-creed-iii
Collateral,/movie/1538-collateral
Rise of the Planet of the Apes,/movie/61791-rise-of-the-planet-of-the-apes
A Haunted House 2,/movie/184345-a-haunted-house-2
द हंट फ़ॉर रेड ऑक्टोबर,/movie/1669-the-hunt-for-red-october
No Voltees,/movie/1331344-no-voltees
Interview with the Vampire,/movie/628-interview-with-the-vampire
Resident Evil: Welcome to Raccoon City,/movie/460458-resident-evil-welcome-to-raccoon-city
A Walk Among the Tombstones,/movie/169917-a-walk-among-the-tombstones
Halloween,/movie/948-halloween
Code 8 Part II,/movie/932420-code-8-part-ii
The Matrix Resurrections,/movie/624860-the-matrix-resurrections
Lost in Translation,/movie/153-lost-in-translation
Sting,/movie/1087388-sting
Aliens vs Predator: Requiem,/movie/440-aliens-vs-predator-requiem
Guy Ritchie's The Covenant,/movie/882569-guy-ritchie-s-the-covenant
(500) Days of Summer,/movie/19913-500-days-of-summer
The Warriors,/movie/11474-the-warriors
Wrong Turn 2: Dead End,/movie/13186-wrong-turn-2-dead-end
All Ladies Do It,/movie/37265-cosi-fan-tutte
Bedtime Stories,/movie/10202-bedtime-stories
Indiana Jones and the Temple of Doom,/movie/87-indiana-jones-and-the-temple-of-doom
मिशन: इंपॉसिबल - घोस्ट प्रोटोकॉल,/movie/56292-mission-impossible-ghost-protocol
In a Violent Nature,/movie/1214509-in-a-violent-nature
Demon Slayer: Kimetsu no Yaiba – Sibling's Bond,/movie/820232
Sicario: Day of the Soldado,/movie/400535-sicario-day-of-the-soldado
Aladdin,/movie/420817-aladdin
Angel Has Fallen,/movie/423204-angel-has-fallen
Tokyo Train Girls: Private Lessons,/movie/65199
Tenet,/movie/577922-tenet
सेक्स टेप,/movie/225886-sex-tape
Halloween 4: The Return of Michael Myers,/movie/11357-halloween-4-the-return-of-michael-myers
Malena,/movie/10867-malena
Scary Movie 4,/movie/4257-scary-movie-4
Dawn of the Dead,/movie/923-dawn-of-the-dead
We Need to Talk About Kevin,/movie/71859-we-need-to-talk-about-kevin
Bad Genius,/movie/934866-bad-genius
"The Gangster, the Cop, the Devil",/movie/581528
साठ मिनट,/movie/1212073-60-minuten
Little Man Tate,/movie/11521-little-man-tate
All Dogs Go to Heaven,/movie/11497-all-dogs-go-to-heaven
All Eyes Off Me,/movie/795774
A Legend,/movie/1116465
Ape vs Mecha Ape,/movie/1094844-ape-vs-mecha-ape
The Handmaiden,/movie/290098
Cinderella's Curse,/movie/1130053-cinderella-s-curse
Cars,/movie/920-cars
Ford v Ferrari,/movie/359724-ford-v-ferrari
एक्सट्रैक्शन,/movie/545609-extraction
सैन ऐंड्रीयस,/movie/254128-san-andreas
The Ten Commandments,/movie/6844-the-ten-commandments
Deuce Bigalow: European Gigolo,/movie/11453-deuce-bigalow-european-gigolo
Mean Girls,/movie/673593-mean-girls
Scary Movie 3,/movie/4256-scary-movie-3
Curse of Chucky,/movie/167032-curse-of-chucky
Mother's Job,/movie/481871
Pearl,/movie/949423-pearl
Nymphomaniac: Vol. II,/movie/249397-nymphomaniac-vol-ii
The Strangers: Chapter 1,/movie/1010600-the-strangers-chapter-1
Journey 2: The Mysterious Island,/movie/72545-journey-2-the-mysterious-island
Sicario,/movie/273481-sicario
Descendants of Adultery,/movie/419329
Queen of Hearts,/movie/519465-dronningen
The Passion of the Christ,/movie/615-the-passion-of-the-christ
Henry Danger: The Movie,/movie/926670-henry-danger-the-movie
बैडलैंड हंटर्स,/movie/933131
Beneath the Planet of the Apes,/movie/1685-beneath-the-planet-of-the-apes
Sniper: The White Raven,/movie/966220
Bosomy Mom 2,/movie/711978-2
Hitman's Wife's Bodyguard,/movie/522931-hitman-s-wife-s-bodyguard
Kiss and Kill,/movie/460229-kiss-and-kill
Van Helsing,/movie/7131-van-helsing
फ़ैमिली पैक,/movie/1091181-loups-garous
Christmas with the Kranks,/movie/13673-christmas-with-the-kranks
Ghostbusters,/movie/620-ghostbusters
I'm Glad It's Christmas,/movie/1022685-i-m-glad-it-s-christmas
Dead Poets Society,/movie/207-dead-poets-society
Rush Hour,/movie/2109-rush-hour
Biggest Heist Ever,/movie/1391409-biggest-heist-ever
Ponyo,/movie/12429
"Ruby Gillman, Teenage Kraken",/movie/1040148-ruby-gillman-teenage-kraken
Pixels,/movie/257344-pixels
A Time to Kill,/movie/1645-a-time-to-kill
Babylon,/movie/615777-babylon
The Princess Diaries,/movie/9880-the-princess-diaries
Pokémon: The First Movie,/movie/10228
Blue Is the Warmest Color,/movie/152584-la-vie-d-adele-chapitres-1-et-2
The Blind Side,/movie/22881-the-blind-side
Beatles '64,/movie/1371146-beatles-64
"Miraculous World: New York, United HeroeZ",/movie/755812-miraculous-world-new-york-les-heros-unis
Monsters University,/movie/62211-monsters-university
Man of Steel,/movie/49521-man-of-steel
Invasion,/movie/514207
The Thundermans Return,/movie/1094556-the-thundermans-return
Blade,/movie/36647-blade
Naruto the Movie: Ninja Clash in the Land of Snow,/movie/16907-naruto
Heat,/movie/949-heat
The Simpsons Movie,/movie/35-the-simpsons-movie
Jack the Giant Slayer,/movie/81005-jack-the-giant-slayer
Dragon Ball Z: Broly – The Legendary Super Saiyan,/movie/34433
Black Widow,/movie/497698-black-widow
Bila Esok Ibu Tiada,/movie/1288575-bila-esok-ibu-tiada
Madagascar: Escape 2 Africa,/movie/10527-madagascar-escape-2-africa
Undisputed III: Redemption,/movie/38234-undisputed-iii-redemption
The Pope's Exorcist,/movie/758323-the-pope-s-exorcist
The Elephant Man,/movie/1955-the-elephant-man
Hidden Figures,/movie/381284-hidden-figures
Misery,/movie/1700-misery
The SpongeBob SquarePants Movie,/movie/11836-the-spongebob-squarepants-movie
Argylle,/movie/848538-argylle
Zodiac,/movie/1949-zodiac
Queer,/movie/1059128-queer
Vishwa-Rakshak,/movie/607-men-in-black
सपने की कहानी,/movie/345-eyes-wide-shut
No Hard Feelings,/movie/884605-no-hard-feelings
Clueless,/movie/9603-clueless
Teenage Mutant Ninja Turtles: Mutant Mayhem,/movie/614930-teenage-mutant-ninja-turtles-mutant-mayhem
Perfume: The Story of a Murderer,/movie/1427-perfume-the-story-of-a-murderer
Cyber Hell: Exposing an Internet Horror,/movie/965143-n
Ballerina,/movie/961268
Alice in Wonderland,/movie/12092-alice-in-wonderland
The Present,/movie/1011516-the-present
17 Again,/movie/16996-17-again
The Marksman,/movie/634528-the-marksman
The Hangover Part III,/movie/109439-the-hangover-part-iii
The Drop,/movie/154400-the-drop
West Sex Journey 2,/movie/1137047
Wicked Minds,/movie/153104-wicked-minds
डेस्पिकेबल मी 3,/movie/324852-despicable-me-3
The Karate Kid,/movie/1885-the-karate-kid
The Jungle Book,/movie/9325-the-jungle-book
The Adventure of A.R.I.: My Robot Friend,/movie/682075-the-adventure-of-a-r-i-my-robot-friend
Project Wolf Hunting,/movie/799379
राजकुमारी मोनोनोके,/movie/128
The Matrix Reloaded,/movie/604-the-matrix-reloaded
The Thing,/movie/1091-the-thing
Paddington in Peru,/movie/516729-paddington-in-peru
वंडर वुमन,/movie/297762-wonder-woman
Thanksgiving,/movie/1071215-thanksgiving
Ice Age: The Meltdown,/movie/950-ice-age-the-meltdown
Sister Swapping,/movie/1231813
Нам не дано предугадать...,/movie/894503
A Perfect Ending,/movie/107257-a-perfect-ending
Blood Red Sky,/movie/760883-blood-red-sky
The Human Centipede (First Sequence),/movie/37169-the-human-centipede-first-sequence
शूटर,/movie/7485-shooter
Prisoners,/movie/146233-prisoners
Road to Ninja: Naruto the Movie,/movie/118406-road-to-ninja-naruto-the-movie
Beck 51 - Vilhelm,/movie/1240949-beck-51-vilhelm
हॉस्टल,/movie/1690-hostel
The Exorcist,/movie/9552-the-exorcist
National Lampoon's Van Wilder,/movie/11452-national-lampoon-s-van-wilder
स्कूल ऑफ़ रॉक,/movie/1584-school-of-rock
Pizza Dare 1,/movie/694943
सेन्ना,/movie/58496-senna
8 Mile,/movie/65-8-mile
Free Guy,/movie/550988-free-guy
Ice Age: Collision Course,/movie/278154-ice-age-collision-course
Call Me by Your Name,/movie/398818-call-me-by-your-name
Pan's Labyrinth,/movie/1417-el-laberinto-del-fauno
RRR,/movie/579974
Megamind,/movie/38055-megamind
E.T. the Extra-Terrestrial,/movie/601-e-t-the-extra-terrestrial
Doctor Strange,/movie/284052-doctor-strange
Joseph: King of Dreams,/movie/16366-joseph-king-of-dreams
Sleeping Beauty,/movie/10882-sleeping-beauty
Seven Samurai,/movie/346
A Little Something Extra,/movie/1152014-un-p-tit-truc-en-plus
Gifted Hands: The Ben Carson Story,/movie/22683-gifted-hands-the-ben-carson-story
Olympus Has Fallen,/movie/117263-olympus-has-fallen
Braveheart,/movie/197-braveheart
Pedro Páramo,/movie/1069387-pedro-paramo
Devara: Part 1,/movie/811941-part-1
Hachi: A Dog's Tale,/movie/28178-hachi-a-dog-s-tale
Glass Onion: A Knives Out Mystery,/movie/661374-glass-onion-a-knives-out-mystery
Bambi,/movie/3170-bambi
MadS,/movie/1262983-mads
Blended,/movie/232672-blended
Soul,/movie/508442-soul
Anastasia,/movie/9444-anastasia
The Martian,/movie/286217-the-martian
Tears of the Sun,/movie/9567-tears-of-the-sun
The Island,/movie/1635-the-island
बुरे बंदे: किरकिरा क्रिसमस,/movie/1046032-the-bad-guys-a-very-bad-holiday
Flipped,/movie/43949-flipped
Black Swan,/movie/44214-black-swan
Lupin the Third: The Castle of Cagliostro,/movie/15371
Three Days and a Life,/movie/617986-trois-jours-et-une-vie
Legally Blonde,/movie/8835-legally-blonde
Black Clover: जादूगर राजा की तलवार,/movie/812225
Buddy's Mom,/movie/387848
Rocky,/movie/1366-rocky
Young Mother,/movie/218746
Fantastic Four,/movie/166424-fantastic-four
From the World of John Wick: Ballerina,/movie/541671-from-the-world-of-john-wick-ballerina
Pearl Harbor,/movie/676-pearl-harbor
Rambo,/movie/7555-rambo
Nightcrawler,/movie/242582-nightcrawler
Jason X,/movie/11470-jason-x
Night of the Living Dead,/movie/10331-night-of-the-living-dead
The Secret Life of Walter Mitty,/movie/116745-the-secret-life-of-walter-mitty
Bruce Almighty,/movie/310-bruce-almighty
Ocean's Twelve,/movie/163-ocean-s-twelve
The Creator,/movie/670292-the-creator
The Amityville Horror,/movie/11449-the-amityville-horror
The Dirty Dozen,/movie/1654-the-dirty-dozen
Idiocracy,/movie/7512-idiocracy
Grease,/movie/621-grease
The Magnificent Seven,/movie/333484-the-magnificent-seven
Freud's Last Session,/movie/1025491-freud-s-last-session
द इंटर्न,/movie/257211-the-intern
Miss Peregrine's Home for Peculiar Children,/movie/283366-miss-peregrine-s-home-for-peculiar-children
The Demon Disorder,/movie/1128941-the-demon-disorder
Wrong Turn 3: Left for Dead,/movie/23823-wrong-turn-3-left-for-dead
The Expendables 3,/movie/138103-the-expendables-3
"Salò, or the 120 Days of Sodom",/movie/5336-salo-o-le-120-giornate-di-sodoma
Paw Patrol: द मूवी,/movie/675445-paw-patrol-the-movie
Bumblebee,/movie/424783-bumblebee
द डिलिवरेंस,/movie/930600-the-deliverance
Caddo Lake,/movie/863873-caddo-lake
The Judge,/movie/205587-the-judge
Dragon Ball Z: Resurrection 'F',/movie/303857-z-f
The Most Wonderful Time of the Year,/movie/1358947-the-most-wonderful-time-of-the-year
Now You See Me,/movie/75656-now-you-see-me
Indiana Jones and the Last Crusade,/movie/89-indiana-jones-and-the-last-crusade
Wanted Man,/movie/666035-wanted-man
GATAO: Like Father Like Son,/movie/1303236
Carry-On,/movie/1005331-carry-on
Memento,/movie/77-memento
The Secret Life of Pets 2,/movie/412117-the-secret-life-of-pets-2
Rumours,/movie/1187417-rumours
Mutual Relations,/movie/372921
The Return of Jafar,/movie/15969-the-return-of-jafar
Boy Kills World,/movie/882059-boy-kills-world
The Age of Adaline,/movie/293863-the-age-of-adaline
Dumb and Dumber,/movie/8467-dumb-and-dumber
Project X,/movie/57214-project-x
The Croods,/movie/49519-the-croods
House of Spoils,/movie/1014661-house-of-spoils
Midsommar,/movie/530385-midsommar
Treasure Planet,/movie/9016-treasure-planet
The Expendables,/movie/27578-the-expendables
Clue,/movie/15196-clue
London Has Fallen,/movie/267860-london-has-fallen
Creed,/movie/312221-creed
Vampire Hunter D: Bloodlust,/movie/15999-d
फ़ास्ट एंड फ़्यूरियस 9: द फ़ास्ट सागा,/movie/385128-f9
दूर प्लावित,/movie/11619-flushed-away
गॉडजिला बनाम कांग,/movie/399566-godzilla-vs-kong
गोल्डन कमूई,/movie/1171462
Senior Couple and Exchange Sex,/movie/657654
Burning Betrayal,/movie/1173558-o-lado-bom-de-ser-traida
Asphalt City,/movie/628922-asphalt-city
After the Pandemic,/movie/935271-after-the-pandemic
Clash of the Titans,/movie/18823-clash-of-the-titans
The Hunchback of Notre Dame,/movie/10545-the-hunchback-of-notre-dame
Skyfall,/movie/37724-skyfall
Shot Caller,/movie/339692-shot-caller
Operation Fortune: Ruse de Guerre,/movie/739405-operation-fortune-ruse-de-guerre
Southpaw,/movie/307081-southpaw
Rudolph the Red-Nosed Reindeer,/movie/13382-rudolph-the-red-nosed-reindeer
Jason and the Argonauts,/movie/11533-jason-and-the-argonauts
Chief of Station,/movie/1093995-chief-of-station
Serenity,/movie/16320-serenity
Teen Wolf: The Movie,/movie/877703-teen-wolf-the-movie
Snack Shack,/movie/1037113-snack-shack
Full Metal Jacket,/movie/600-full-metal-jacket
Mom's Friend 2,/movie/412092-2
The Lost Boys,/movie/1547-the-lost-boys
Halloween 5: The Revenge of Michael Myers,/movie/11361-halloween-5-the-revenge-of-michael-myers
About Time,/movie/122906-about-time
द इन्वेंशन ऑफ लायिंग,/movie/924-dawn-of-the-dead
The Witch,/movie/310131-the-witch
A Minecraft Movie,/movie/950387-a-minecraft-movie
इट्स व्हॉट्स इनसाइड,/movie/1052280-it-s-what-s-inside
Miraculous World: Shanghai – The Legend of Ladydragon,/movie/726684-miraculous-world-shanghai-la-legende-de-ladydragon
Hot Shots! Part Deux,/movie/9255-hot-shots-part-deux
प्यार की कला,/movie/1248795-romantik-hirsiz
Hotel Transylvania 3: Summer Vacation,/movie/400155-hotel-transylvania-3-summer-vacation
Foursome,/movie/1205025-foursome
The Three Musketeers: Milady,/movie/845111-les-trois-mousquetaires-milady
Diary of a Nymphomaniac,/movie/19173-diario-de-una-ninfomana
Caras vemos,/movie/1255017-caras-vemos
Warrior,/movie/59440-warrior
Naughty,/movie/1057491
व्हाइट बर्ड: ए वंडर स्टोरी,/movie/779816-white-bird
Little Women,/movie/331482-little-women
The Other Zoey,/movie/912916-the-other-zoey
Jason Goes to Hell: The Final Friday,/movie/10285-jason-goes-to-hell-the-final-friday
Halloween: Resurrection,/movie/11442-halloween-resurrection
Creed II,/movie/480530-creed-ii
The Well,/movie/1091267-the-well
Imaginary,/movie/1125311-imaginary
The Departed,/movie/1422-the-departed
Operation Undead,/movie/1244361
Exodus: Gods and Kings,/movie/147441-exodus-gods-and-kings
The Last Kumite,/movie/1115623-the-last-kumite
American Pie Presents: Girls' Rules,/movie/660982-american-pie-presents-girls-rules
Battleship,/movie/44833-battleship
Money Train,/movie/11517-money-train
TAYLOR SWIFT | THE ERAS TOUR,/movie/1160164-taylor-swift-the-eras-tour
Loves of a French Pussycat,/movie/264980-das-m-dchen-mit-der-hei-en-masche
Raging Bull,/movie/1578-raging-bull
Another Cinderella Story,/movie/15157-another-cinderella-story
A Serbian Film,/movie/73861-srpski-film
Maleficent: Mistress of Evil,/movie/420809-maleficent-mistress-of-evil
ट्रिगर वॉर्निंग,/movie/704673-trigger-warning
Saw,/movie/176-saw
The Exorcist: Believer,/movie/807172-the-exorcist-believer
Babygirl,/movie/1097549-babygirl
Odio el verano,/movie/1087421-odio-el-verano
Kill Bill: Vol. 1,/movie/24-kill-bill-vol-1
Naruto Shippuden the Movie,/movie/20982-naruto
The Hunger Games: Mockingjay - Part 2,/movie/131634-the-hunger-games-mockingjay-part-2
The Gods Must Be Crazy,/movie/8393-the-gods-must-be-crazy
2001: A Space Odyssey,/movie/62-2001-a-space-odyssey
The Boy in the Striped Pyjamas,/movie/14574-the-boy-in-the-striped-pyjamas
Birds of Prey (and the Fantabulous Emancipation of One Harley Quinn),/movie/495764-birds-of-prey-and-the-fantabulous-emancipation-of-one-harley-quinn
The Prince & Me 2: The Royal Wedding,/movie/15590-the-prince-me-2-the-royal-wedding
Daddy's Home,/movie/274167-daddy-s-home
Octopussy,/movie/700-octopussy
Saw X,/movie/951491-saw-x
Last Christmas,/movie/549053-last-christmas
ऐनाबेल की वापसी,/movie/521029-annabelle-comes-home
We Are Zombies,/movie/1139106-we-are-zombies
Oldboy,/movie/670
The Empire Strikes Back,/movie/1891-the-empire-strikes-back
Like Water for Chocolate,/movie/1011397-like-water-for-chocolate
A Chinese Torture Chamber Story,/movie/32629
300: साम्राज्य का उदय,/movie/53182-300-rise-of-an-empire
Aquaman,/movie/297802-aquaman
Ted,/movie/72105-ted
Kingdom 4: Return of the Great General,/movie/1241320
The Devil's Advocate,/movie/1813-the-devil-s-advocate
Scary Movie 5,/movie/4258-scary-movie-5
Red Notice,/movie/512195-red-notice
Moonfall,/movie/406759-moonfall
Split,/movie/381288-split
Shark Tale,/movie/10555-shark-tale
Brother Bear,/movie/10009-brother-bear
The Kissing Booth,/movie/454983-the-kissing-booth
Transcendence,/movie/157353-transcendence
Superfast!,/movie/325358-superfast
Rush,/movie/96721-rush
Independence Day,/movie/602-independence-day
Humane,/movie/914215-humane
ग्रहों का महायुद्ध,/movie/74-war-of-the-worlds
Indiana Jones and the Kingdom of the Crystal Skull,/movie/217-indiana-jones-and-the-kingdom-of-the-crystal-skull
Infinite,/movie/581726-infinite
Clash of the Titans,/movie/10323-clash-of-the-titans
रैम्पेज,/movie/427641-rampage
Morbius,/movie/526896-morbius
Rambo: Last Blood,/movie/522938-rambo-last-blood
Kalki 2898-AD,/movie/801688-2898
Lonely Wives,/movie/70519-zum-zweiten-fruhstuck-heisse-liebe
The Last Samurai,/movie/616-the-last-samurai
द रेवनेंट,/movie/281957-the-revenant
Ghost Rider,/movie/1250-ghost-rider
Sookshmadarshini,/movie/950075
John Carter,/movie/49529-john-carter
अल्ट्रामैन: राइज़िंग,/movie/829402-ultraman-rising
The Invention of Flesh,/movie/390159-la-invencion-de-la-carne
The Human Centipede 2 (Full Sequence),/movie/74997-the-human-centipede-2-full-sequence
Ghostbusters: Afterlife,/movie/425909-ghostbusters-afterlife
Black Christmas,/movie/16938-black-christmas
The Goonies,/movie/9340-the-goonies
Superman,/movie/1924-superman
MR-9: Do or Die,/movie/1016346
Friday the 13th Part VII: The New Blood,/movie/10281-friday-the-13th-part-vii-the-new-blood
Kiskisan,/movie/1337395-kiskisan
द बॉर्न आयडेंटिटी,/movie/2501-the-bourne-identity
Seven Cemeteries,/movie/901060-seven-cemeteries
Ralph Breaks the Internet,/movie/404368-ralph-breaks-the-internet
Bolt,/movie/13053-bolt
Suzume,/movie/916224
Evangelion: 1.0 You Are (Not) Alone,/movie/15137
मेरी प्यारी पड़ोसन,/movie/10591-the-girl-next-door
Planes,/movie/151960-planes
Once Upon a Time... in Hollywood,/movie/466272-once-upon-a-time-in-hollywood
After Sex,/movie/17097-after-sex
Bad Boys,/movie/9737-bad-boys
Walking Tall,/movie/11358-walking-tall
I Want You,/movie/109689-tengo-ganas-de-ti
First Blood,/movie/1368-first-blood
White Snake: Afloat,/movie/1207123
One Hundred and One Dalmatians,/movie/12230-one-hundred-and-one-dalmatians
Christmas Bloody Christmas,/movie/1019836-christmas-bloody-christmas
Sneakers,/movie/2322-sneakers
American Psycho,/movie/1359-american-psycho
Desire,/movie/86331-q
The Curious Case of Benjamin Button,/movie/4922-the-curious-case-of-benjamin-button
A Dog's Purpose,/movie/381289-a-dog-s-purpose
Captain Marvel,/movie/299537-captain-marvel
Jungle Cruise,/movie/451048-jungle-cruise
Captain America: Brave New World,/movie/822119-captain-america-brave-new-world
"I, Robot",/movie/2048-i-robot
Annie,/movie/196867-annie
The Commander,/movie/1047016-comandante
National Lampoon's Vacation,/movie/11153-national-lampoon-s-vacation
The Woman King,/movie/724495-the-woman-king
The Gentlemen,/movie/522627-the-gentlemen
Mickey's Once Upon a Christmas,/movie/15400-mickey-s-once-upon-a-christmas
La Hierba del Diablo,/movie/1255616-la-hierba-del-diablo
The Bricklayer,/movie/927107-the-bricklayer
The Forbidden Kingdom,/movie/1729-the-forbidden-kingdom
Alvin and the Chipmunks,/movie/6477-alvin-and-the-chipmunks
To All the Boys I've Loved Before,/movie/466282-to-all-the-boys-i-ve-loved-before
Ipar Adalah Maut,/movie/1181068-ipar-adalah-maut
बोहीमियन रैप्सडी,/movie/424694-bohemian-rhapsody
Barbie: Princess Charm School,/movie/73456-barbie-princess-charm-school
Gremlins,/movie/927-gremlins
Togo,/movie/606856-togo
Dragon Ball Z: Battle of Gods,/movie/126963-z
Sakra,/movie/990140
A Nightmare on Elm Street,/movie/377-a-nightmare-on-elm-street
Harry Potter 20th Anniversary: Return to Hogwarts,/movie/899082-harry-potter-20th-anniversary-return-to-hogwarts
Jupiter Ascending,/movie/76757-jupiter-ascending
Love Strange Love,/movie/54989-amor-estranho-amor
Wrong Turn 4: Bloody Beginnings,/movie/71672-wrong-turn-4-bloody-beginnings
12.12: The Day,/movie/919207
Malicious,/movie/44741-malizia
X-Rated: The Greatest Adult Movies of All Time,/movie/324558-x-rated-the-greatest-adult-movies-of-all-time
Maria,/movie/1038263-maria
How to Lose a Guy in 10 Days,/movie/9919-how-to-lose-a-guy-in-10-days
Ferdinand,/movie/364689-ferdinand
There's Still Tomorrow,/movie/1026227-c-e-ancora-domani
Nocturnal Animals,/movie/340666-nocturnal-animals
The Predator,/movie/346910-the-predator
Hot Girls Wanted,/movie/318256-hot-girls-wanted
High Forces,/movie/949709
The Hateful Eight,/movie/273248-the-hateful-eight
The Holdovers,/movie/840430-the-holdovers
Heaven in Hell,/movie/1017066-heaven-in-hell
Goodrich,/movie/1088096-goodrich
American Reunion,/movie/71552-american-reunion
We're the Millers,/movie/138832-we-re-the-millers
The Aristocats,/movie/10112-the-aristocats
Suicide Squad,/movie/297761-suicide-squad
City of God,/movie/598-cidade-de-deus
A Nonsense Christmas with Sabrina Carpenter,/movie/1358820-a-nonsense-christmas-with-sabrina-carpenter
Dunkirk,/movie/374720-dunkirk
Fried Green Tomatoes,/movie/1633-fried-green-tomatoes
बैटमैन,/movie/268-batman
National Lampoon's European Vacation,/movie/11418-national-lampoon-s-european-vacation
The Jackal,/movie/4824-the-jackal
The Loft,/movie/72784-the-loft
Cinderella II: Dreams Come True,/movie/14128-cinderella-ii-dreams-come-true
Tinker Bell and the Pirate Fairy,/movie/175112-tinker-bell-and-the-pirate-fairy
Knights of the Zodiac,/movie/455476-knights-of-the-zodiac
Heaven Is for Real,/movie/236751-heaven-is-for-real
कन्ट्रोल,/movie/1146577
The Legend of Zorro,/movie/1656-the-legend-of-zorro
Those Who Wish Me Dead,/movie/578701-those-who-wish-me-dead
The Deep Dark,/movie/976830-gueules-noires
Music Box: Yacht Rock: A DOCKumentary,/movie/1370580-music-box-yacht-rock-a-dockumentary
Baby's Day Out,/movie/11212-baby-s-day-out
She's the Man,/movie/9655-she-s-the-man
The Menu,/movie/593643-the-menu
Predestination,/movie/206487-predestination
The Blair Witch Project,/movie/2667-the-blair-witch-project
Amélie,/movie/194-le-fabuleux-destin-d-amelie-poulain
The Call,/movie/158011-the-call
Willy Wonka & the Chocolate Factory,/movie/252-willy-wonka-the-chocolate-factory
Akira,/movie/149-akira
Good Boy,/movie/983507-good-boy
Balkan Line,/movie/517093
"Crazy, Stupid, Love.",/movie/50646-crazy-stupid-love
Sound of Freedom,/movie/678512-sound-of-freedom
What's Eating Gilbert Grape,/movie/1587-what-s-eating-gilbert-grape
Real Gangsters,/movie/261903-real-gangsters
जवान,/movie/872906
300,/movie/1271-300
Skal: Fight for Survival,/movie/1211483-skal-fight-for-survival
1917,/movie/530915-1917
स्पिरिटेड,/movie/632856-spirited
30 Days of Night,/movie/4513-30-days-of-night
Hot Shots!,/movie/9595-hot-shots
Miracle on 34th Street,/movie/10510-miracle-on-34th-street
Shutter,/movie/17111
The Book of Life,/movie/228326-the-book-of-life
The Roundup,/movie/619803-2
Beautiful Wedding,/movie/1096342-beautiful-wedding
दिलवाले दुल्हनिया ले जायेंगे,/movie/19404
Don't Look at the Demon,/movie/1022128-don-t-look-at-the-demon
Terminator 3: Rise of the Machines,/movie/296-terminator-3-rise-of-the-machines
The Sadness,/movie/776797
The Addams Family,/movie/2907-the-addams-family
Teenage Mutant Ninja Turtles: Out of the Shadows,/movie/308531-teenage-mutant-ninja-turtles-out-of-the-shadows
Wild Card,/movie/265208-wild-card
Trolls,/movie/136799-trolls
50 First Dates,/movie/1824-50-first-dates
The Dead Don't Hurt,/movie/1032425-the-dead-don-t-hurt
Doraemon the Movie: Nobita's Earth Symphony,/movie/1148677
The Help,/movie/50014-the-help
Irena's Vow,/movie/1026880-irena-s-vow
Snowpiercer,/movie/110415-snowpiercer
Contact,/movie/686-contact
The Expendables 2,/movie/76163-the-expendables-2
The Gray Man,/movie/725201-the-gray-man
The Menendez Brothers,/movie/1360610-the-menendez-brothers
The Wasp,/movie/1019404-the-wasp
Mary Poppins,/movie/433-mary-poppins
Female War: A Nasty Deal,/movie/399905
द डार्क टॉवर,/movie/353491-the-dark-tower
Le clitoris,/movie/426889-le-clitoris
Memoir of a Snail,/movie/1064486-memoir-of-a-snail
The Iron Giant,/movie/10386-the-iron-giant
LEGO Marvel Avengers: Code Red,/movie/1154598-lego-marvel-avengers-code-red
3096 Days,/movie/166666-3096-tage
Mechanic: Resurrection,/movie/278924-mechanic-resurrection
Consent,/movie/956964-le-consentement
Lady and the Tramp,/movie/10340-lady-and-the-tramp
अग्लीज़,/movie/748167-uglies
South Park: The End of Obesity,/movie/1290938-south-park-the-end-of-obesity
Female Ninjas Magic Chronicles 4: Rebel Forces at the Threshold,/movie/360778-iv
Excalibur,/movie/11527-excalibur
Star Wars: Episode I - The Phantom Menace,/movie/1893-star-wars-episode-i-the-phantom-menace
Saltburn,/movie/930564-saltburn
The Pianist,/movie/423-the-pianist
Dragon Ball Z: Wrath of the Dragon,/movie/39108-z
Mulan,/movie/337401-mulan
Dragon Ball Super: Super Hero,/movie/610150
The Interview,/movie/228967-the-interview
Psycho,/movie/539-psycho
The Exorcism of God,/movie/836225-the-exorcism-of-god
Sin City: A Dame to Kill For,/movie/189-sin-city-a-dame-to-kill-for
The Prince of Egypt,/movie/9837-the-prince-of-egypt
Sex Is Zero,/movie/16318
The Grand Budapest Hotel,/movie/120467-the-grand-budapest-hotel
मेगन,/movie/536554-m3gan
ट्रोल्स वर्ल्ड टूर,/movie/446893-trolls-world-tour
Primal Fear,/movie/1592-primal-fear
Star Trek V: The Final Frontier,/movie/172-star-trek-v-the-final-frontier
Reservoir Dogs,/movie/500-reservoir-dogs
V/H/S/85,/movie/1032948-v-h-s-85
Now You See Me 2,/movie/291805-now-you-see-me-2
Monster's Battlefield,/movie/920342
Shaun of the Dead,/movie/747-shaun-of-the-dead
सोसायटी ऑफ़ द स्नो,/movie/906126-la-sociedad-de-la-nieve
When Evil Lurks,/movie/744857-cuando-acecha-la-maldad
The Dreamers,/movie/1278-the-dreamers
Hunting Games,/movie/1115396-hunting-games
Sweet Home Alabama,/movie/11529-sweet-home-alabama
Space Cadet,/movie/1019411-space-cadet
Beezel,/movie/1291594-beezel
जीवन सुंदर है (लाइफ इज़ ब्यूटीफुल),/movie/637-la-vita-e-bella
The SpongeBob Movie: Sponge Out of Water,/movie/228165-the-spongebob-movie-sponge-out-of-water
चिकन रन: Dawn of the Nugget,/movie/520758-chicken-run-dawn-of-the-nugget
आर्थर क्रिसमस,/movie/51052-arthur-christmas
ब्रोकबैक माउंटेन,/movie/142-brokeback-mountain
Rogue One: A Star Wars Story,/movie/330459-rogue-one-a-star-wars-story
Species II,/movie/10216-species-ii
Erotic Ghost Story III,/movie/105825
घोस्टबस्टर्स,/movie/43074-ghostbusters
The Purge: Anarchy,/movie/238636-the-purge-anarchy
Descendants,/movie/277217-descendants
Texas Chainsaw 3D,/movie/76617-texas-chainsaw-3d
Sympathy for the Devil,/movie/1030987-sympathy-for-the-devil
Tomb Raider,/movie/338970-tomb-raider
Melissa P.,/movie/13461-melissa-p
Addams Family Values,/movie/2758-addams-family-values
The Smoke Master,/movie/950526-o-mestre-da-fumaca
Need for Speed,/movie/136797-need-for-speed
Drive,/movie/64690-drive
South Pacific,/movie/17352-south-pacific
No Time to Spy: A Loud House Movie,/movie/1280768-no-time-to-spy-a-loud-house-movie
Dragon Ball: Mystical Adventure,/movie/116776
Friday the 13th,/movie/4488-friday-the-13th
Lola's Secret,/movie/329505-il-peccato-di-lola
Once Upon a Time in America,/movie/311-once-upon-a-time-in-america
Career Opportunities,/movie/16270-career-opportunities
Mad Max,/movie/9659-mad-max
The Crow,/movie/9495-the-crow
Planet of the Apes,/movie/871-planet-of-the-apes
Shaolin Soccer,/movie/11770
The Transporter,/movie/4108-the-transporter
Oz the Great and Powerful,/movie/68728-oz-the-great-and-powerful
Hidden Desire,/movie/298094
Spartacus,/movie/967-spartacus
The Collective,/movie/1060090-the-collective
The Town,/movie/23168-the-town
Planet of the Apes,/movie/869-planet-of-the-apes
Upgrade,/movie/500664-upgrade
Stealing Lust,/movie/943542-stealing-lust
शरलॉक होम्स,/movie/10528-sherlock-holmes
सिटी हंटर,/movie/1061990
Jan Dara: The Beginning,/movie/151512
The School for Good and Evil,/movie/779782-the-school-for-good-and-evil
Brooklyn,/movie/167073-brooklyn
Coming to America,/movie/9602-coming-to-america
Kneecap,/movie/1180629-kneecap
Rocky IV,/movie/1374-rocky-iv
Flatliners,/movie/1551-flatliners
Point Break,/movie/257088-point-break
Noryang: Deadly Sea,/movie/660360
The Whale,/movie/785084-the-whale
Jason Bourne,/movie/324668-jason-bourne
Deuce Bigalow: Male Gigolo,/movie/10402-deuce-bigalow-male-gigolo
Unfaithful,/movie/2251-unfaithful
Annabelle,/movie/250546-annabelle
Mulan II,/movie/12242-mulan-ii
Eva,/movie/893694-eva
The Making of Gladiator II,/movie/1380755-the-making-of-gladiator-ii
The Nutcracker and the Four Realms,/movie/426543-the-nutcracker-and-the-four-realms
Captain America: The First Avenger,/movie/1771-captain-america-the-first-avenger
द ऐंग्री बर्ड्स मूवी 2,/movie/454640-the-angry-birds-movie-2
Pet Sematary,/movie/157433-pet-sematary
The Hitman's Bodyguard,/movie/390043-the-hitman-s-bodyguard
The Quest for Tom Sawyer's Gold,/movie/966576-the-quest-for-tom-sawyer-s-gold
Return to Never Land,/movie/16690-return-to-never-land
Tinker Bell and the Legend of the NeverBeast,/movie/297270-tinker-bell-and-the-legend-of-the-neverbeast
Wrong Turn,/movie/9902-wrong-turn
Sinbad: Legend of the Seven Seas,/movie/14411-sinbad-legend-of-the-seven-seas
Deck the Halls,/movie/9969-deck-the-halls
Office Space,/movie/1542-office-space
A Clockwork Orange,/movie/185-a-clockwork-orange
Slasher,/movie/1027535-slasher
Body Double,/movie/11507-body-double
The BFG,/movie/267935-the-bfg
Basic Instinct,/movie/402-basic-instinct
A Silent Voice: The Movie,/movie/378064
Jenni,/movie/1150366-jenni
पवन की घाटी की नौसिखिया,/movie/81
What Happened to Monday,/movie/406990-what-happened-to-monday
Beautiful Teacher in Torture Hell,/movie/80788
Sree Hari Hara Sudhan Swami Ayyappan,/movie/488968-sree-hari-hara-sudhan-swami-ayyappan
Meet the Parents,/movie/1597-meet-the-parents
Alvin and the Chipmunks: The Squeakquel,/movie/23398-alvin-and-the-chipmunks-the-squeakquel
Intercambiadas,/movie/1362961-intercambiadas
The Karate Kid Part II,/movie/8856-the-karate-kid-part-ii
Eternals,/movie/524434-eternals
Bringing Christmas Home,/movie/1142767-bringing-christmas-home
पोकेमॉन डिटेक्टिव पिकाचू,/movie/447404-pokemon-detective-pikachu
American Beauty,/movie/14-american-beauty
पावर रेंजर्स,/movie/305470-power-rangers
King Arthur: Legend of the Sword,/movie/274857-king-arthur-legend-of-the-sword
Who's That Girl,/movie/26827-who-s-that-girl
Paddington,/movie/116149-paddington
Silent Night,/movie/891699-silent-night
My Fault: London,/movie/1294203-my-fault-london
The Shack,/movie/345938-the-shack
Tarzan II,/movie/15657-tarzan-ii
The Last Breath,/movie/1241674-the-last-breath
The Gift,/movie/2046-the-gift
अपग्रेडेड,/movie/1014590-upgraded
Animal,/movie/781732-animal
The Rock,/movie/9802-the-rock
Conquer: Lahad Datu,/movie/1208850-takluk-lahad-datu
Rape Zombie: Lust of the Dead,/movie/175168-lust-of-the-dead
The Usual Suspects,/movie/629-the-usual-suspects
Y Tu Mamá También,/movie/1391-y-tu-mama-tambien
The Price of Money: A Largo Winch Adventure,/movie/1000075-largo-winch-le-prix-de-l-argent
Anatomy of a Fall,/movie/915935-anatomie-d-une-chute
The Sorcerer's Apprentice,/movie/27022-the-sorcerer-s-apprentice
"Love, Rosie",/movie/200727-love-rosie
Nosferatu,/movie/653-nosferatu-eine-symphonie-des-grauens
The King of Staten Island,/movie/579583-the-king-of-staten-island
Apocalypse Now,/movie/28-apocalypse-now
Umjolo: The Gone Girl,/movie/1371540-umjolo-the-gone-girl
Cheat,/movie/1142414-cheat
Donnie Darko,/movie/141-donnie-darko
Love Don't Co$t a Thing,/movie/21542-love-don-t-co-t-a-thing
Unforgiven,/movie/33-unforgiven
Norbit,/movie/9757-norbit
बैड बॉयज़ 2,/movie/8961-bad-boys-ii
कोडा,/movie/776503-coda
Green Book,/movie/490132-green-book
Dallas Buyers Club,/movie/152532-dallas-buyers-club
Undercover,/movie/1215185-la-infiltrada
The Ring Two,/movie/10320-the-ring-two
V for Vendetta,/movie/752-v-for-vendetta
Secret of the Wings,/movie/75258-secret-of-the-wings
Un/Happy for You,/movie/1279837-un-happy-for-you
Splice,/movie/37707-splice
Life of Pi,/movie/87827-life-of-pi
Finding Dory,/movie/127380-finding-dory
Taboo: Family Secrets,/movie/1358280-taboo-family-secrets
Casino Royale,/movie/36557-casino-royale
Pinocchio,/movie/10895-pinocchio
One Flew Over the Cuckoo's Nest,/movie/510-one-flew-over-the-cuckoo-s-nest
Black Lotus,/movie/996154-black-lotus
"If My Favorite Pop Idol Made It to the Budokan, I Would Die: The Movie",/movie/1119106
District 9,/movie/17654-district-9
Ask Me Anything,/movie/271185-ask-me-anything
American Hustle,/movie/168672-american-hustle
Meet the Robinsons,/movie/1267-meet-the-robinsons
Santet Segoro Pitu,/movie/1269108-santet-segoro-pitu
The Piano Lesson,/movie/804406-the-piano-lesson
हॉस्टल पार्ट II,/movie/1691-hostel-part-ii
Skyscraper,/movie/447200-skyscraper
Buried in Barstow,/movie/942576-buried-in-barstow
Purple Hearts,/movie/762975-purple-hearts
Sex Plate 17,/movie/532794-17-17
Prince of Persia: The Sands of Time,/movie/9543-prince-of-persia-the-sands-of-time
Resident Evil: Death Island,/movie/1083862
Sweet & Sour,/movie/662237
The Hunger Games,/movie/70160-the-hunger-games
The Invisible Guest,/movie/411088-contratiempo
वंडर वुमन 1984,/movie/464052-wonder-woman-1984
Kandahar,/movie/717930-kandahar
Onward,/movie/508439-onward
The Perks of Being a Wallflower,/movie/84892-the-perks-of-being-a-wallflower
Superman IV: The Quest for Peace,/movie/11411-superman-iv-the-quest-for-peace
Idol Seungha's R-Rated Film Shooting,/movie/852370-19-av
Night at the Museum: Battle of the Smithsonian,/movie/18360-night-at-the-museum-battle-of-the-smithsonian
Damaged,/movie/1105407-damaged
Escape to Victory,/movie/17360-escape-to-victory
Call Me Chihiro,/movie/1024621
X-Men: Dark Phoenix,/movie/320288-dark-phoenix
The Girl Next Door,/movie/15356-the-girl-next-door
Triple Frontier,/movie/399361-triple-frontier
किंग काँग,/movie/254-king-kong
Descendants 3,/movie/506574-descendants-3
¿Quién es quién?,/movie/1187294-quien-es-quien
Knowing,/movie/13811-knowing
Night and the City,/movie/19119-night-and-the-city
Hunter Killer,/movie/399402-hunter-killer
MO002 SQ エボルーション Vol.2 巨乳人妻教師 ： 沢井芽衣,/movie/960490-mo002-sq-vol-2
The Return of the Texas Chainsaw Massacre,/movie/16780-the-return-of-the-texas-chainsaw-massacre
The Fallout,/movie/795514-the-fallout
Nightbitch,/movie/728949-nightbitch
Natsume's Book of Friends: The Waking Rock and the Strange Visitor,/movie/773621
Decision to Leave,/movie/705996
स्नेक आइज़: जी. आइ. जो ओरिजिन्स,/movie/568620-snake-eyes-g-i-joe-origins
Lake George,/movie/1275998-lake-george
Duchess,/movie/1005076-duchess
The Madagascar Penguins in a Christmas Caper,/movie/10258-the-madagascar-penguins-in-a-christmas-caper
Friday,/movie/10634-friday
No Manches Frida 2: Paradise Lost,/movie/554596-no-manches-frida-2
Resident Evil,/movie/1576-resident-evil
Fractured,/movie/568091-fractured
Kong: Skull Island,/movie/293167-kong-skull-island
No One Will Save You,/movie/820609-no-one-will-save-you
जौस,/movie/578-jaws
टॉम ऐंड जेरी,/movie/587807-tom-jerry
ऐनाबेल: क्रिएशन,/movie/396422-annabelle-creation
Gabriel's Redemption: Part II,/movie/1146412-gabriel-s-redemption-part-ii
High Tension,/movie/10226-haute-tension
The Naked Gun: From the Files of Police Squad!,/movie/37136-the-naked-gun-from-the-files-of-police-squad
Breaking and Re-entering,/movie/1166073
The Wedding Ringer,/movie/252838-the-wedding-ringer
The Bikeriders,/movie/1008409-the-bikeriders
सली,/movie/363676-sully
Wrath of the Titans,/movie/57165-wrath-of-the-titans
Alien Resurrection,/movie/8078-alien-resurrection
Insidious: The Red Door,/movie/614479-insidious-the-red-door
Jerry & Marge Go Large,/movie/843847-jerry-marge-go-large
Coach Carter,/movie/7214-coach-carter
Imagine Me & You,/movie/1544-imagine-me-you
How to Make Millions Before Grandma Dies,/movie/1103621
Underworld: Blood Wars,/movie/346672-underworld-blood-wars
The Order,/movie/1082195-the-order
The Autopsy of Jane Doe,/movie/397243-the-autopsy-of-jane-doe
Mary and Max,/movie/24238-mary-and-max
Ben-Hur,/movie/665-ben-hur
The Hills Have Eyes,/movie/9792-the-hills-have-eyes
Godzilla,/movie/1678
Kill Bill: Vol. 2,/movie/393-kill-bill-vol-2
Puss in Boots,/movie/417859-puss-in-boots
Cloudy with a Chance of Meatballs 2,/movie/109451-cloudy-with-a-chance-of-meatballs-2
Kickboxer,/movie/10222-kickboxer
Peter Pan,/movie/10693-peter-pan
Into the Blue 2: The Reef,/movie/16931-into-the-blue-2-the-reef
Barbie in the 12 Dancing Princesses,/movie/13002-barbie-in-the-12-dancing-princesses
Greenland,/movie/524047-greenland
Cast Away,/movie/8358-cast-away
Come Into My Life,/movie/1294931-entra-en-mi-vida
Dirty Grandpa,/movie/291870-dirty-grandpa
Dr. Strangelove or: How I Learned to Stop Worrying and Love the Bomb,/movie/935-dr-strangelove-or-how-i-learned-to-stop-worrying-and-love-the-bomb
In the Realm of the Senses,/movie/5879
Ri¢hie Ri¢h,/movie/11011-ri-hie-ri-h
Pom Poko,/movie/15283
"स्नूपी प्रज़ेंट्स : वेल्कम होम, फ़्रैंक्लिन",/movie/1128606-snoopy-presents-welcome-home-franklin
पिशाच,/movie/1024773-it-lives-inside
Dragon Ball Z: Cooler's Revenge,/movie/24752-z
Breathe,/movie/720321-breathe
Wish Dragon,/movie/550205-wish-dragon
मौत का सन्नाटा,/movie/14001-dead-silence
Star Trek,/movie/13475-star-trek
Law Abiding Citizen,/movie/22803-law-abiding-citizen
American Pie Presents: The Naked Mile,/movie/8275-american-pie-presents-the-naked-mile
Loving Bali,/movie/1142611-verliefd-op-bali
Astro Boy,/movie/16577-astro-boy
Empire of Lust,/movie/333167
Dr. Lamb,/movie/40105
Sugapa,/movie/1135727-sugapa
A Beautiful Mind,/movie/453-a-beautiful-mind
Home Sweet Home Alone,/movie/654974-home-sweet-home-alone
Ex Machina,/movie/264660-ex-machina
Bittersweet Rain,/movie/1016767-saudade-fez-morada-aqui-dentro
The Kissing Booth 2,/movie/583083-the-kissing-booth-2
The Greatest Beer Run Ever,/movie/597922-the-greatest-beer-run-ever
Rapeman 4,/movie/153726
The Purge: Election Year,/movie/316727-the-purge-election-year
American Pie Presents: Beta House,/movie/8277-american-pie-presents-beta-house
A True Gentleman,/movie/1352821-tam-bir-centilmen
Hitman: Agent 47,/movie/249070-hitman-agent-47
Bride of Chucky,/movie/11932-bride-of-chucky
Mr. & Mrs. Smith,/movie/787-mr-mrs-smith
All About Anna,/movie/16048-all-about-anna
Aftersun,/movie/965150-aftersun
Angels & Demons,/movie/13448-angels-demons
Free Willy,/movie/1634-free-willy
Zombieland: Double Tap,/movie/338967-zombieland-double-tap
The Tuxedo,/movie/10771-the-tuxedo
Home,/movie/228161-home
Fargo,/movie/275-fargo
Nacho Libre,/movie/9353-nacho-libre
The Italian Job,/movie/9654-the-italian-job
The Day After Tomorrow,/movie/435-the-day-after-tomorrow
Castle in the Sky,/movie/10515
Scooby-Doo,/movie/9637-scooby-doo
Stitch! The Movie,/movie/15567-stitch-the-movie
Carol,/movie/258480-carol
The Wandering Earth II,/movie/842675-2
Legend,/movie/276907-legend
The Secret Path,/movie/50804-the-secret-path
Mission: Impossible III,/movie/956-mission-impossible-iii
Captain Fantastic,/movie/334533-captain-fantastic
Irreversible,/movie/979-irreversible
Falling for Christmas,/movie/833097-falling-for-christmas
Humanist Vampire Seeking Consenting Suicidal Person,/movie/988402-vampire-humaniste-cherche-suicidaire-consentant
Sex and Zen III,/movie/123338-iii
Fear the Night,/movie/1143190-fear-the-night
Midway,/movie/522162-midway
Independence Day: Resurgence,/movie/47933-independence-day-resurgence
Nanny McPhee and the Big Bang,/movie/35019-nanny-mcphee-and-the-big-bang
ब्लडशॉट,/movie/338762-bloodshot
The Call of the Wild,/movie/481848-the-call-of-the-wild
Happy Feet,/movie/9836-happy-feet
Snatch,/movie/107-snatch
Indecent Proposal,/movie/4478-indecent-proposal
G.I. Joe: The Rise of Cobra,/movie/14869-g-i-joe-the-rise-of-cobra
The Great Gatsby,/movie/64682-the-great-gatsby
द कासाग्रांडेस मूवी,/movie/1216512-the-casagrandes-movie
From Russia with Love,/movie/657-from-russia-with-love
Madly Madagascar,/movie/161143-madly-madagascar
सिनेमा पारादीसो,/movie/11216-nuovo-cinema-paradiso
"Scooby-Doo! and Krypto, Too!",/movie/1146348-scooby-doo-and-krypto-too
The Ballad of Buster Scruggs,/movie/537996-the-ballad-of-buster-scruggs
The Mechanic,/movie/27582-the-mechanic
The Lego Movie,/movie/137106-the-lego-movie
Ray,/movie/1677-ray
Swordfish,/movie/9705-swordfish
The Last Voyage of the Demeter,/movie/635910-the-last-voyage-of-the-demeter
The Basketball Diaries,/movie/10474-the-basketball-diaries
कोकेन बेयर,/movie/804150-cocaine-bear
Alien³,/movie/8077-alien
Retribution,/movie/762430-retribution
Jennifer's Body,/movie/19994-jennifer-s-body
Sinister,/movie/82507-sinister
A Simple Plan,/movie/10223-a-simple-plan
The Texas Chainsaw Massacre,/movie/9373-the-texas-chainsaw-massacre
Red Sparrow,/movie/401981-red-sparrow
Solo: A Star Wars Story,/movie/348350-solo-a-star-wars-story
The Jungle Book,/movie/278927-the-jungle-book
Terminator: Dark Fate,/movie/290859-terminator-dark-fate
समुद्री जानवर,/movie/560057-the-sea-beast
The Forever Purge,/movie/602223-the-forever-purge
Friday the 13th Part VIII: Jason Takes Manhattan,/movie/10283-friday-the-13th-part-viii-jason-takes-manhattan
Piece by Piece,/movie/1236419-piece-by-piece
Dumb and Dumber To,/movie/100042-dumb-and-dumber-to
Sex and the City,/movie/4564-sex-and-the-city
Rush Hour 3,/movie/5174-rush-hour-3
Pineapple Express,/movie/10189-pineapple-express
American Wedding,/movie/8273-american-wedding
Commando,/movie/10999-commando
Bridget Jones's Diary,/movie/634-bridget-jones-s-diary
Nanny McPhee,/movie/11283-nanny-mcphee
9 Songs,/movie/27-9-songs
Nobody,/movie/615457-nobody
Bleach the Movie: The DiamondDust Rebellion,/movie/17101-bleach-the-diamonddust-rebellion
Caligula,/movie/9453-caligola
सेंट्रल इंटेलिजेंस,/movie/302699-central-intelligence
Insidious: The Last Key,/movie/406563-insidious-the-last-key
पिनोकियो: गीयर्मो देल तॉरो की नज़र से,/movie/555604-guillermo-del-toro-s-pinocchio
The Voyeurs,/movie/645710-the-voyeurs
The Hunted,/movie/1026819-the-hunted
अमेरिकी गैंगस्टर,/movie/4982-american-gangster
Fantastic Four: Rise of the Silver Surfer,/movie/1979-fantastic-four-rise-of-the-silver-surfer
Scream 4,/movie/41446-scream-4
Star Trek IV: The Voyage Home,/movie/168-star-trek-iv-the-voyage-home
Dirty Dancing,/movie/88-dirty-dancing
Mutant: Ghost War Girl,/movie/1028725
Run,/movie/546121-run
ये अजीब उलझन,/movie/50544-friends-with-benefits
Anna,/movie/484641-anna
Devilish Education,/movie/81218-diabelska-edukacja
किलर हीट,/movie/1108566-killer-heat
Dancer in the Dark,/movie/16-dancer-in-the-dark
Vassalord.,/movie/444483
Obsessed,/movie/269955
Man on Fire,/movie/9509-man-on-fire
Celebrity Sex Tape,/movie/87584-celebrity-sex-tape
Kung Fu Hustle,/movie/9470
Sweet Sex,/movie/465595
Plane,/movie/646389-plane
बैटमैन रिटर्न्स,/movie/364-batman-returns
ऐल्विन एंड द चिपमंक्स: सैर-सपाटा,/movie/258509-alvin-and-the-chipmunks-the-road-chip
Vina: Before 7 Days,/movie/1148817-vina-sebelum-7-hari
Beautiful Disaster,/movie/1016121-beautiful-disaster
The 5th Wave,/movie/299687-the-5th-wave
The Punisher,/movie/7220-the-punisher
Dead for a Dollar,/movie/843380-dead-for-a-dollar
Star Trek Beyond,/movie/188927-star-trek-beyond
Cold Meat,/movie/1032372-cold-meat
"20,000 Leagues Under the Sea",/movie/173-20-000-leagues-under-the-sea
Invasión,/movie/1244880-invasion
Kaskasero,/movie/1302004-kaskasero
Naruto the Movie: Legend of the Stone of Gelel,/movie/16910-naruto
छोड़ो दुनिया की फ़िक्र,/movie/726209-leave-the-world-behind
The Mission,/movie/11416-the-mission
वॉन्टेड,/movie/8909-wanted
Spy Game,/movie/1535-spy-game
Ballerina,/movie/342473-ballerina
Mi prima la sexóloga 2 (de la fantasía a la realidad),/movie/1305194-mi-prima-la-sexologa-2-de-la-fantasia-a-la-realidad
घोस्टबस्टर्स II,/movie/2978-ghostbusters-ii
द पैट्रीअट,/movie/2024-the-patriot
The Mask of Zorro,/movie/9342-the-mask-of-zorro
Lilo & Stitch 2: Stitch Has a Glitch,/movie/20760-lilo-stitch-2-stitch-has-a-glitch
The Final Destination,/movie/19912-the-final-destination
The Jewel of the Nile,/movie/10303-the-jewel-of-the-nile
मॉन्स्टर हाउस,/movie/9297-monster-house
The Happening,/movie/8645-the-happening
A Mother's Embrace,/movie/1054561-abra-o-de-m-e
Home Alone: The Holiday Heist,/movie/134375-home-alone-the-holiday-heist
Wonder,/movie/406997-wonder
Killer Klowns from Outer Space,/movie/16296-killer-klowns-from-outer-space
Ninja Assassin,/movie/22832-ninja-assassin
Resident Evil: Apocalypse,/movie/1577-resident-evil-apocalypse
Miracolo italiano,/movie/121514-miracolo-italiano
Purpose of Reunion 3,/movie/502235-3
घोस्ट,/movie/251-ghost
Honeymoonish,/movie/1257750
Bram Stoker's Dracula,/movie/6114-bram-stoker-s-dracula
Memory,/movie/818397-memory
The Boss Baby: Christmas Bonus,/movie/1045944-the-boss-baby-christmas-bonus
Uranus 2324,/movie/1167366-2324
Robots,/movie/9928-robots
Salaar: Part 1 - Ceasefire,/movie/770906-1
It's a Wonderful Binge,/movie/1026624-it-s-a-wonderful-binge
Crash,/movie/1640-crash
Beauty and the Beast,/movie/197796-la-belle-et-la-bete
Homefront,/movie/204082-homefront
Death Note,/movie/16007
U.S. Marshals,/movie/11808-u-s-marshals
Roald Dahl's The Witches,/movie/531219-roald-dahl-s-the-witches
द अकाउंटेंट,/movie/302946-the-accountant
She's All That,/movie/10314-she-s-all-that
The Room Next Door,/movie/1088514-la-habitacion-de-al-lado
The Indian in the Cupboard,/movie/11359-the-indian-in-the-cupboard
The Man with the Golden Gun,/movie/682-the-man-with-the-golden-gun
Goldfinger,/movie/658-goldfinger
Mission: Impossible II,/movie/955-mission-impossible-ii
The Addams Family,/movie/481084-the-addams-family
Love in 39 Degrees,/movie/1387198-39-derecede-ask
Vegas Vacation,/movie/11419-vegas-vacation
स्पेस जैम: अ न्यू लेगेसी,/movie/379686-space-jam-a-new-legacy
Airplane!,/movie/813-airplane
फ़ैमिली स्विच,/movie/798021-family-switch
Safe,/movie/72387-safe
Nun in Rope Hell,/movie/185664
Boruto: Naruto the Movie,/movie/347201-boruto-naruto-the-movie
Mortal Engines,/movie/428078-mortal-engines
पॉल,/movie/39513-paul
Lubo,/movie/1023962-lubo
Lolita,/movie/9769-lolita
Just Go with It,/movie/50546-just-go-with-it
Carmen 1945,/movie/383634
The Santa Clause 2,/movie/9021-the-santa-clause-2
The Legend of Tarzan,/movie/258489-the-legend-of-tarzan
Everyday Relationship,/movie/569820-everyday-relationship
The Sixth Sense,/movie/745-the-sixth-sense
One Week Friends,/movie/945675
The Monk and the Gun,/movie/1109237-the-monk-and-the-gun
Batman Beyond: Return of the Joker,/movie/16234-batman-beyond-return-of-the-joker
Dragon Ball Z: Bardock - The Father of Goku,/movie/39323-z-z
